ply
format ascii 1.0
element vertex 2028
property float x
property float y
property float z
element edge 2028
property int vertex1
property int vertex2
property uchar red
property uchar green
property uchar blue
end_header
0.1061831210 0.0851448386 0.8699452141
0.0924875934 0.0889287564 0.8699452141
0.0851403251 0.0915491060 0.8699452141
0.0722617408 0.0928363709 0.8699452141
0.0639106491 0.0930408261 0.8699452141
0.0603756322 0.0933255584 0.8699452141
0.0416046528 0.0960755807 0.8699452141
0.0318114054 0.0979740720 0.8699452141
0.0176978550 0.1003378332 0.8699452141
0.0070917661 0.1018115763 0.8699452141
-0.0098380269 0.1044751264 0.8699452141
-0.0131863302 0.1043122638 0.8699452141
-0.0356510890 0.1032526102 0.8699452141
-0.0363114098 0.1031969481 0.8699452141
-0.0405297456 0.1022724844 0.8699452141
-0.0615406591 0.0969150505 0.8699452141
-0.0643166114 0.0967673101 0.8699452141
-0.0890072176 0.0896932407 0.8699452141
-0.0919859247 0.0889845023 0.8699452141
-0.0951755047 0.0877710221 0.8699452141
-0.1148688840 0.0796684968 0.8699452141
-0.1234926193 0.0756041121 0.8699452141
-0.1346312154 0.0701543498 0.8699452141
-0.1493543032 0.0630245373 0.8699452141
-0.1527672838 0.0600247808 0.8699452141
-0.1652945116 0.0486185893 0.8699452141
-0.1775380496 0.0291995036 0.8699452141
-0.1794044294 0.0263787922 0.8699452141
-0.1806000347 0.0243667680 0.8699452141
-0.1888033992 -0.0015109853 0.8699452141
-0.1894512566 -0.0039790420 0.8699452141
-0.1882993599 -0.0070586277 0.8699452141
-0.1801062762 -0.0280005222 0.8699452141
-0.1725146427 -0.0439628858 0.8699452141
-0.1698236408 -0.0490997677 0.8699452141
-0.1517960839 -0.0631660502 0.8699452141
-0.1477879826 -0.0662111993 0.8699452141
-0.1294870144 -0.0756626339 0.8699452141
-0.1203131409 -0.0798957440 0.8699452141
-0.1042914302 -0.0867362934 0.8699452141
-0.0949471502 -0.0907081704 0.8699452141
-0.0793512486 -0.0930172016 0.8699452141
-0.0601071391 -0.0969311523 0.8699452141
-0.0544971607 -0.0975792985 0.8699452141
-0.0465897352 -0.0986481878 0.8699452141
-0.0307866067 -0.1001321562 0.8699452141
-0.0196832068 -0.1005898023 0.8699452141
-0.0067972952 -0.1015585270 0.8699452141
0.0128240039 -0.1018808380 0.8699452141
0.0184634264 -0.1017341590 0.8699452141
0.0239945416 -0.1014867065 0.8699452141
0.0416229069 -0.0991946518 0.8699452141
0.0515629016 -0.0978364358 0.8699452141
0.0671224324 -0.0955033648 0.8699452141
0.0820117064 -0.0928608933 0.8699452141
0.0942617066 -0.0890161807 0.8699452141
0.1042605572 -0.0857618979 0.8699452141
0.1247567448 -0.0798169005 0.8699452141
0.1254997579 -0.0795888038 0.8699452141
0.1266151751 -0.0790938401 0.8699452141
0.1457640124 -0.0686109529 0.8699452141
0.1604192645 -0.0578314600 0.8699452141
0.1636921731 -0.0537870410 0.8699452141
0.1719158088 -0.0411595754 0.8699452141
0.1764720153 -0.0344216699 0.8699452141
0.1777125032 -0.0316719780 0.8699452141
0.1845538398 -0.0142810851 0.8699452141
0.1886025050 -0.0035373616 0.8699452141
0.1868620522 0.0103869850 0.8699452141
0.1849256862 0.0205703169 0.8699452141
0.1799639623 0.0273378338 0.8699452141
0.1721346064 0.0412763133 0.8699452141
0.1653647867 0.0490393659 0.8699452141
0.1564235588 0.0596288676 0.8699452141
0.1481686075 0.0651032262 0.8699452141
0.1301184595 0.0747267692 0.8699452141
0.1278673866 0.0757862796 0.8699452141
0.1254971764 0.0768252316 0.8699452141
-0.3221986784 -0.0721236317 0.7469238841
-0.3213976594 -0.0731758448 0.7469238841
-0.3139677290 -0.0804877369 0.7469238841
-0.3032491264 -0.0910360506 0.7469238841
-0.3020301351 -0.0920732595 0.7469238841
-0.2866369612 -0.1043590891 0.7469238841
-0.2790123823 -0.1105936209 0.7469238841
-0.2682139386 -0.1173859689 0.7469238841
-0.2499173958 -0.1255148620 0.7469238841
-0.2468570742 -0.1262780823 0.7469238841
-0.2441770989 -0.1269158294 0.7469238841
-0.2252252276 -0.1306703282 0.7469238841
-0.2081268502 -0.1344536380 0.7469238841
-0.2054403595 -0.1349659294 0.7469238841
-0.2019024696 -0.1357480097 0.7469238841
-0.1851380075 -0.1371791410 0.7469238841
-0.1692616800 -0.1383413556 0.7469238841
-0.1629472188 -0.1372997930 0.7469238841
-0.1536016404 -0.1360070398 0.7469238841
-0.1418409464 -0.1344097096 0.7469238841
-0.1245255673 -0.1333741826 0.7469238841
-0.1173721311 -0.1333680488 0.7469238841
-0.0981421060 -0.1321085232 0.7469238841
-0.0929131402 -0.1321606555 0.7469238841
-0.0710185414 -0.1280057020 0.7469238841
-0.0693432459 -0.1278959378 0.7469238841
-0.0637162173 -0.1273717574 0.7469238841
-0.0470447869 -0.1253319526 0.7469238841
-0.0390559135 -0.1246001506 0.7469238841
-0.0232426377 -0.1233493946 0.7469238841
-0.0048000480 -0.1224687777 0.7469238841
0.0041576136 -0.1217926235 0.7469238841
0.0102043928 -0.1221268147 0.7469238841
0.0305369756 -0.1249304753 0.7469238841
0.0363237651 -0.1256629779 0.7469238841
0.0426580844 -0.1266474427 0.7469238841
0.0610742749 -0.1282334233 0.7469238841
0.0749106193 -0.1312018239 0.7469238841
0.0867215278 -0.1310278348 0.7469238841
0.1061805110 -0.1331501985 0.7469238841
0.1133984063 -0.1333524525 0.7469238841
0.1236466845 -0.1338235916 0.7469238841
0.1358229928 -0.1340771659 0.7469238841
0.1543065533 -0.1345068737 0.7469238841
0.1604881856 -0.1349568221 0.7469238841
0.1797257949 -0.1359550374 0.7469238841
0.1835599690 -0.1363194983 0.7469238841
0.2039338472 -0.1348446955 0.7469238841
0.2060012668 -0.1350401309 0.7469238841
0.2177800384 -0.1317183305 0.7469238841
0.2264647344 -0.1291059846 0.7469238841
0.2296841456 -0.1280964086 0.7469238841
0.2448789599 -0.1232335353 0.7469238841
0.2541436922 -0.1202530521 0.7469238841
0.2689376072 -0.1144114203 0.7469238841
0.2813539922 -0.1084813496 0.7469238841
0.2902772772 -0.1011533216 0.7469238841
0.3019247968 -0.0916894270 0.7469238841
0.3103125924 -0.0843779780 0.7469238841
0.3186550500 -0.0761850117 0.7469238841
0.3302132068 -0.0600847920 0.7469238841
0.3313239409 -0.0583016008 0.7469238841
0.3322228664 -0.0555030789 0.7469238841
0.3373152713 -0.0381480043 0.7469238841
0.3399993639 -0.0295213868 0.7469238841
0.3429000283 -0.0176615448 0.7469238841
0.3446352185 0.0026872771 0.7469238841
0.3448596405 0.0052804207 0.7469238841
0.3406791496 0.0275705478 0.7469238841
0.3397066564 0.0311251296 0.7469238841
0.3358651696 0.0457094993 0.7469238841
0.3295909851 0.0583203682 0.7469238841
0.3229327697 0.0673617665 0.7469238841
0.3140003785 0.0812400363 0.7469238841
0.3110664858 0.0844189923 0.7469238841
0.2978928151 0.0964065549 0.7469238841
0.2887151819 0.1016059060 0.7469238841
0.2772457928 0.1076031416 0.7469238841
0.2628543742 0.1143337859 0.7469238841
0.2559792859 0.1180152077 0.7469238841
0.2425347814 0.1235951211 0.7469238841
0.2343371293 0.1272425804 0.7469238841
0.2298317339 0.1277820817 0.7469238841
0.2068194799 0.1310492719 0.7469238841
0.2054270028 0.1311558452 0.7469238841
0.1991640451 0.1322206424 0.7469238841
0.1820663095 0.1350362591 0.7469238841
0.1785186386 0.1358390535 0.7469238841
0.1592992255 0.1364233591 0.7469238841
0.1503716612 0.1366259560 0.7469238841
0.1372918748 0.1346710474 0.7469238841
0.1195414037 0.1350135386 0.7469238841
0.1172442432 0.1345289515 0.7469238841
0.1129657147 0.1337829269 0.7469238841
0.0970185159 0.1299491412 0.7469238841
0.0835435380 0.1299324421 0.7469238841
0.0742832627 0.1284233393 0.7469238841
0.0638826150 0.1277748133 0.7469238841
0.0516332746 0.1260937414 0.7469238841
0.0426104572 0.1264949050 0.7469238841
0.0284218348 0.1248877377 0.7469238841
0.0111214406 0.1241841571 0.7469238841
0.0037646125 0.1238647722 0.7469238841
-0.0147877944 0.1261732997 0.7469238841
-0.0196063575 0.1263288388 0.7469238841
-0.0207657933 0.1263527065 0.7469238841
-0.0432479297 0.1283923706 0.7469238841
-0.0465639339 0.1284204820 0.7469238841
-0.0589253204 0.1294758991 0.7469238841
-0.0698464097 0.1292900062 0.7469238841
-0.0723039164 0.1300648074 0.7469238841
-0.0956168497 0.1319699517 0.7469238841
-0.0961545509 0.1320250374 0.7469238841
-0.0971776575 0.1321863650 0.7469238841
-0.1176398574 0.1331121924 0.7469238841
-0.1378575292 0.1343349285 0.7469238841
-0.1415275252 0.1345433925 0.7469238841
-0.1439241510 0.1347490777 0.7469238841
-0.1653612079 0.1358364285 0.7469238841
-0.1789970275 0.1372271654 0.7469238841
-0.1879345848 0.1354149689 0.7469238841
-0.2065008421 0.1353300999 0.7469238841
-0.2170346150 0.1321025723 0.7469238841
-0.2278471392 0.1285804728 0.7469238841
-0.2396433822 0.1248963822 0.7469238841
-0.2503384599 0.1212935614 0.7469238841
-0.2669019288 0.1153949949 0.7469238841
-0.2726022115 0.1133684343 0.7469238841
-0.2747157920 0.1122950449 0.7469238841
-0.2934704005 0.0989338820 0.7469238841
-0.2970852716 0.0962568013 0.7469238841
-0.3044897772 0.0891652842 0.7469238841
-0.3148970389 0.0785530608 0.7469238841
-0.3232694564 0.0694640429 0.7469238841
-0.3307047954 0.0604102715 0.7469238841
-0.3363592381 0.0468835675 0.7469238841
-0.3382364396 0.0409035564 0.7469238841
-0.3415602394 0.0233487939 0.7469238841
-0.3428615120 0.0164644723 0.7469238841
-0.3430661900 0.0149693120 0.7469238841
-0.3448046292 -0.0118197993 0.7469238841
-0.3446541232 -0.0133777433 0.7469238841
-0.3443704754 -0.0148328973 0.7469238841
-0.3373938537 -0.0375773273 0.7469238841
-0.3349323766 -0.0440930501 0.7469238841
-0.3297438861 -0.0571068291 0.7469238841
0.3645587653 0.1079898539 0.6239025540
0.3637427582 0.1087041360 0.6239025540
0.3570428484 0.1129305862 0.6239025540
0.3429029726 0.1219848832 0.6239025540
0.3397918696 0.1234223733 0.6239025540
0.3221434035 0.1300796884 0.6239025540
0.3045775062 0.1335556096 0.6239025540
0.3004644734 0.1349595714 0.6239025540
0.2922945463 0.1355371777 0.6239025540
0.2797148556 0.1355128020 0.6239025540
0.2668980950 0.1341709936 0.6239025540
0.2587184330 0.1333046048 0.6239025540
0.2550738842 0.1329096620 0.6239025540
0.2364201928 0.1281184688 0.6239025540
0.2279031131 0.1253272678 0.6239025540
0.2158295202 0.1176888142 0.6239025540
0.2031823804 0.1080305531 0.6239025540
0.1996574391 0.1050920585 0.6239025540
0.1936991341 0.0999492655 0.6239025540
0.1840350706 0.0928793335 0.6239025540
0.1795308524 0.0896081708 0.6239025540
0.1691574981 0.0772419375 0.6239025540
0.1639064170 0.0724585425 0.6239025540
0.1564650013 0.0612917398 0.6239025540
0.1533699366 0.0563241151 0.6239025540
0.1448356236 0.0414216925 0.6239025540
0.1423819096 0.0359533553 0.6239025540
0.1371921965 0.0182237355 0.6239025540
0.1362220325 0.0075308770 0.6239025540
0.1345420592 -0.0053953331 0.6239025540
0.1365611759 -0.0169694620 0.6239025540
0.1384638300 -0.0274103425 0.6239025540
0.1431844817 -0.0382190249 0.6239025540
0.1518814013 -0.0575927893 0.6239025540
0.1523846569 -0.0585920322 0.6239025540
0.1536720705 -0.0602662229 0.6239025540
0.1661276124 -0.0765972698 0.6239025540
0.1826899784 -0.0934626167 0.6239025540
0.1839495464 -0.0946036899 0.6239025540
0.1848163685 -0.0952636449 0.6239025540
0.2005223859 -0.1083670628 0.6239025540
0.2151993962 -0.1152585571 0.6239025540
0.2215859712 -0.1194185566 0.6239025540
0.2404680009 -0.1249112491 0.6239025540
0.2439925548 -0.1265699657 0.6239025540
0.2521463489 -0.1298289563 0.6239025540
0.2661796423 -0.1358443793 0.6239025540
0.2727065626 -0.1366997841 0.6239025540
0.2907445851 -0.1389143697 0.6239025540
0.3014024495 -0.1356570043 0.6239025540
0.3141463221 -0.1324476051 0.6239025540
0.3267550727 -0.1279909933 0.6239025540
0.3371484027 -0.1241328487 0.6239025540
0.3476008670 -0.1190998446 0.6239025540
0.3623770546 -0.1091929885 0.6239025540
0.3666270613 -0.1046032158 0.6239025540
0.3786751953 -0.0901854945 0.6239025540
0.3847217058 -0.0822934532 0.6239025540
0.3929648672 -0.0716965731 0.6239025540
0.4021795222 -0.0531753485 0.6239025540
0.4038015713 -0.0499345452 0.6239025540
0.4044765859 -0.0479832343 0.6239025540
0.4093797400 -0.0274611102 0.6239025540
0.4120431892 -0.0139169752 0.6239025540
0.4134740854 -0.0050862563 0.6239025540
0.4111267840 0.0156091579 0.6239025540
0.4107288078 0.0187796922 0.6239025540
0.4064940360 0.0393190403 0.6239025540
0.4054430325 0.0445623265 0.6239025540
0.4052067409 0.0454089009 0.6239025540
0.3976304164 0.0690840955 0.6239025540
0.3925540954 0.0766374779 0.6239025540
0.3822950608 0.0891869811 0.6239025540
0.3660129356 0.1065333306 0.6239025540
-0.1888078730 0.0991649423 0.6239025540
-0.2029606369 0.1082629706 0.6239025540
-0.2149757617 0.1148705606 0.6239025540
-0.2258607714 0.1198849955 0.6239025540
-0.2476696745 0.1294325916 0.6239025540
-0.2498117982 0.1300515412 0.6239025540
-0.2512054476 0.1301703575 0.6239025540
-0.2750881285 0.1352683559 0.6239025540
-0.2790324829 0.1348124884 0.6239025540
-0.2980529544 0.1334180654 0.6239025540
-0.3078568285 0.1316805297 0.6239025540
-0.3202393395 0.1296877277 0.6239025540
-0.3331280062 0.1259960821 0.6239025540
-0.3436406193 0.1228799463 0.6239025540
-0.3556835419 0.1130120310 0.6239025540
-0.3606768895 0.1087323660 0.6239025540
-0.3659332834 0.1033294671 0.6239025540
-0.3759006913 0.0928157690 0.6239025540
-0.3835179043 0.0842554237 0.6239025540
-0.3894461322 0.0762308745 0.6239025540
-0.3971911991 0.0604009662 0.6239025540
-0.3995179726 0.0554269587 0.6239025540
-0.4029468451 0.0472981953 0.6239025540
-0.4079413994 0.0336708669 0.6239025540
-0.4113375884 0.0082091389 0.6239025540
-0.4116952210 0.0051484983 0.6239025540
-0.4116342746 0.0037588204 0.6239025540
-0.4098214926 -0.0239595499 0.6239025540
-0.4095596162 -0.0267974640 0.6239025540
-0.4073992990 -0.0471004532 0.6239025540
-0.4038739180 -0.0549480484 0.6239025540
-0.3985073220 -0.0659605669 0.6239025540
-0.3893102077 -0.0808964766 0.6239025540
-0.3876685196 -0.0835297749 0.6239025540
-0.3717197497 -0.1032992464 0.6239025540
-0.3715173133 -0.1035946041 0.6239025540
-0.3711484069 -0.1038558891 0.6239025540
-0.3511683894 -0.1166052996 0.6239025540
-0.3325189109 -0.1255883138 0.6239025540
-0.3304793782 -0.1265329600 0.6239025540
-0.3281585043 -0.1273057607 0.6239025540
-0.3086368684 -0.1349057417 0.6239025540
-0.2887399508 -0.1370282397 0.6239025540
-0.2851407025 -0.1368800791 0.6239025540
-0.2811079601 -0.1362077623 0.6239025540
-0.2624368708 -0.1336174554 0.6239025540
-0.2514414862 -0.1312741973 0.6239025540
-0.2410516820 -0.1287037576 0.6239025540
-0.2204290082 -0.1207406314 0.6239025540
-0.2202736729 -0.1206835907 0.6239025540
-0.2201968346 -0.1206530803 0.6239025540
-0.2011544419 -0.1054997788 0.6239025540
-0.1971599184 -0.1024423636 0.6239025540
-0.1823057285 -0.0891539704 0.6239025540
-0.1741836465 -0.0833782054 0.6239025540
-0.1641650463 -0.0733918018 0.6239025540
-0.1562474998 -0.0618185183 0.6239025540
-0.1502295421 -0.0492755412 0.6239025540
-0.1453945489 -0.0407786249 0.6239025540
-0.1401000369 -0.0270956742 0.6239025540
-0.1382303270 -0.0217481231 0.6239025540
-0.1371880654 -0.0070260820 0.6239025540
-0.1371014866 0.0005870138 0.6239025540
-0.1393241293 0.0158184171 0.6239025540
-0.1408197281 0.0246845639 0.6239025540
-0.1410046729 0.0347331976 0.6239025540
-0.1507765018 0.0501461712 0.6239025540
-0.1538454421 0.0556559822 0.6239025540
-0.1652324112 0.0708140950 0.6239025540
-0.1708771666 0.0781431954 0.6239025540
-0.1828747727 0.0918972134 0.6239025540
0.2028562063 -0.0030242992 0.5008812240
0.2025347169 -0.0047663118 0.5008812240
0.2027379884 -0.0060003566 0.5008812240
0.2066208738 -0.0314537877 0.5008812240
0.2078441636 -0.0363037852 0.5008812240
0.2153260950 -0.0595421165 0.5008812240
0.2158473545 -0.0611582513 0.5008812240
0.2236002117 -0.0747028912 0.5008812240
0.2289704431 -0.0842479232 0.5008812240
0.2296583636 -0.0852338119 0.5008812240
0.2471101079 -0.1047089206 0.5008812240
0.2484329061 -0.1059634883 0.5008812240
0.2540899759 -0.1099936401 0.5008812240
0.2713683137 -0.1228102608 0.5008812240
0.2789077430 -0.1252469803 0.5008812240
0.2956870548 -0.1304465844 0.5008812240
0.3126910785 -0.1343794958 0.5008812240
0.3179210378 -0.1358780595 0.5008812240
0.3358461527 -0.1327472130 0.5008812240
0.3432805265 -0.1315319661 0.5008812240
0.3451850090 -0.1306592861 0.5008812240
0.3656894077 -0.1214167250 0.5008812240
0.3757189310 -0.1160893352 0.5008812240
0.3853234236 -0.1099392877 0.5008812240
0.3986748180 -0.0949561671 0.5008812240
0.4028154021 -0.0903791268 0.5008812240
0.4131459180 -0.0750601559 0.5008812240
0.4154750268 -0.0715225831 0.5008812240
0.4163233875 -0.0700366300 0.5008812240
0.4256341854 -0.0516077220 0.5008812240
0.4315076255 -0.0335607446 0.5008812240
0.4323608508 -0.0307239716 0.5008812240
0.4328338512 -0.0280709432 0.5008812240
0.4349508815 -0.0088212764 0.5008812240
0.4358951412 0.0083001805 0.5008812240
0.4360339606 0.0105118841 0.5008812240
0.4366202802 0.0296405239 0.5008812240
0.4350226673 0.0376121977 0.5008812240
0.4300514863 0.0521486766 0.5008812240
0.4232658165 0.0670110246 0.5008812240
0.4198122020 0.0732073671 0.5008812240
0.4116456214 0.0864241621 0.5008812240
0.4068950502 0.0939474656 0.5008812240
0.4020286731 0.0981553217 0.5008812240
0.3878841469 0.1104804675 0.5008812240
0.3719836860 0.1226435068 0.5008812240
0.3685514446 0.1252706734 0.5008812240
0.3619551175 0.1274972502 0.5008812240
0.3442783570 0.1335869713 0.5008812240
0.3355017374 0.1339367240 0.5008812240
0.3161865010 0.1346595522 0.5008812240
0.3045922948 0.1334918390 0.5008812240
0.2852154759 0.1256286018 0.5008812240
0.2779943029 0.1220536962 0.5008812240
0.2533863358 0.1070838664 0.5008812240
0.2531351730 0.1069028211 0.5008812240
0.2529871839 0.1067268090 0.5008812240
0.2349016018 0.0876087084 0.5008812240
0.2302230531 0.0808893641 0.5008812240
0.2201897064 0.0681945280 0.5008812240
0.2121564325 0.0483319477 0.5008812240
0.2108731655 0.0454151301 0.5008812240
0.2104656171 0.0425897541 0.5008812240
0.2055195792 0.0207155097 0.5008812240
-0.4360612165 -0.0012383135 0.5008812240
-0.4370790159 -0.0163316293 0.5008812240
-0.4350609768 -0.0244263811 0.5008812240
-0.4312874786 -0.0382730058 0.5008812240
-0.4244718096 -0.0606062537 0.5008812240
-0.4242741083 -0.0612940647 0.5008812240
-0.4240080346 -0.0618991802 0.5008812240
-0.4119907219 -0.0838967029 0.5008812240
-0.4069611064 -0.0894072943 0.5008812240
-0.3948074444 -0.1018647070 0.5008812240
-0.3877828622 -0.1090075875 0.5008812240
-0.3777660048 -0.1190346160 0.5008812240
-0.3684234005 -0.1254933466 0.5008812240
-0.3575964705 -0.1303539416 0.5008812240
-0.3419160167 -0.1328076863 0.5008812240
-0.3353116049 -0.1331920268 0.5008812240
-0.3147730058 -0.1347317043 0.5008812240
-0.3135586548 -0.1347139260 0.5008812240
-0.2955912571 -0.1328148895 0.5008812240
-0.2846780281 -0.1272889631 0.5008812240
-0.2754437450 -0.1218100246 0.5008812240
-0.2579552309 -0.1110486640 0.5008812240
-0.2569897390 -0.1104599735 0.5008812240
-0.2565889996 -0.1101555484 0.5008812240
-0.2403332412 -0.0981790330 0.5008812240
-0.2356208316 -0.0911648334 0.5008812240
-0.2268587499 -0.0779597641 0.5008812240
-0.2228319003 -0.0713507501 0.5008812240
-0.2156283150 -0.0554095181 0.5008812240
-0.2128501903 -0.0481297800 0.5008812240
-0.2079477157 -0.0341311686 0.5008812240
-0.2050967805 -0.0165889191 0.5008812240
-0.2050064426 -0.0158741432 0.5008812240
-0.2051782216 -0.0125989811 0.5008812240
-0.2060192705 0.0072046223 0.5008812240
-0.2060060784 0.0108051165 0.5008812240
-0.2072896730 0.0315677302 0.5008812240
-0.2085849475 0.0387428631 0.5008812240
-0.2145969941 0.0565518945 0.5008812240
-0.2173254125 0.0626939699 0.5008812240
-0.2286160969 0.0793198697 0.5008812240
-0.2315011306 0.0829581022 0.5008812240
-0.2430278878 0.0996007262 0.5008812240
-0.2473025247 0.1043094535 0.5008812240
-0.2610972671 0.1165020533 0.5008812240
-0.2694330394 0.1197609417 0.5008812240
-0.2843162717 0.1250247628 0.5008812240
-0.2999995078 0.1302268282 0.5008812240
-0.3054939247 0.1318139912 0.5008812240
-0.3104667794 0.1326334264 0.5008812240
-0.3261182629 0.1356283270 0.5008812240
-0.3427123706 0.1306618266 0.5008812240
-0.3468055147 0.1292274478 0.5008812240
-0.3504012509 0.1276239923 0.5008812240
-0.3668297845 0.1195799918 0.5008812240
-0.3825551867 0.1097086514 0.5008812240
-0.3863514105 0.1076117107 0.5008812240
-0.3892692459 0.1047664815 0.5008812240
-0.4016505927 0.0906160840 0.5008812240
-0.4075026440 0.0828067929 0.5008812240
-0.4210565082 0.0626400571 0.5008812240
-0.4212888197 0.0623060524 0.5008812240
-0.4213845841 0.0621124855 0.5008812240
-0.4288447336 0.0394907398 0.5008812240
-0.4305082608 0.0324088037 0.5008812240
-0.4351536645 0.0124877738 0.5008812240
-0.4358225536 0.0086339470 0.5008812240
-0.3801061275 0.0937425754 0.3778598939
-0.3937815642 0.0792591565 0.3778598939
-0.3999470157 0.0683249996 0.3778598939
-0.4063815250 0.0549979119 0.3778598939
-0.4128170725 0.0357586243 0.3778598939
-0.4140818697 0.0317831214 0.3778598939
-0.4156699152 0.0255152352 0.3778598939
-0.4198669543 0.0079548721 0.3778598939
-0.4205359501 -0.0071864331 0.3778598939
-0.4204123639 -0.0181711808 0.3778598939
-0.4179470436 -0.0302882025 0.3778598939
-0.4154878224 -0.0436815713 0.3778598939
-0.4086910052 -0.0603039187 0.3778598939
-0.4056600471 -0.0681332164 0.3778598939
-0.4023062419 -0.0742516116 0.3778598939
-0.3938652256 -0.0898281088 0.3778598939
-0.3873712032 -0.0974155861 0.3778598939
-0.3752447279 -0.1093529514 0.3778598939
-0.3667854492 -0.1155550545 0.3778598939
-0.3547493063 -0.1256445616 0.3778598939
-0.3331896044 -0.1325556718 0.3778598939
-0.3328935855 -0.1326622876 0.3778598939
-0.3327050892 -0.1326868959 0.3778598939
-0.3094674482 -0.1343304430 0.3778598939
-0.2980897901 -0.1341128658 0.3778598939
-0.2869649424 -0.1332054694 0.3778598939
-0.2779175182 -0.1290146897 0.3778598939
-0.2661874795 -0.1242651543 0.3778598939
-0.2489707792 -0.1150568722 0.3778598939
-0.2452502686 -0.1134695491 0.3778598939
-0.2366038411 -0.1071146596 0.3778598939
-0.2265632446 -0.0994500768 0.3778598939
-0.2235931809 -0.0956893377 0.3778598939
-0.2101698718 -0.0803398287 0.3778598939
-0.2012723957 -0.0685424285 0.3778598939
-0.1972016987 -0.0633401801 0.3778598939
-0.1954661319 -0.0591237243 0.3778598939
-0.1886399962 -0.0433120529 0.3778598939
-0.1859844344 -0.0340710933 0.3778598939
-0.1838686486 -0.0245308778 0.3778598939
-0.1816230239 -0.0103417467 0.3778598939
-0.1804893999 -0.0043332123 0.3778598939
-0.1806582813 0.0007554145 0.3778598939
-0.1810642411 0.0162257568 0.3778598939
-0.1838424633 0.0269341130 0.3778598939
-0.1909062024 0.0442923989 0.3778598939
-0.1939226420 0.0516758438 0.3778598939
-0.2026472382 0.0740007426 0.3778598939
-0.2048927117 0.0776987117 0.3778598939
-0.2212262724 0.0973789831 0.3778598939
-0.2222084132 0.0982969116 0.3778598939
-0.2240409239 0.0999234942 0.3778598939
-0.2413662309 0.1163526515 0.3778598939
-0.2605244024 0.1280680107 0.3778598939
-0.2621477744 0.1289303254 0.3778598939
-0.2630771612 0.1290442260 0.3778598939
-0.2883332134 0.1326765645 0.3778598939
-0.2941380360 0.1329415064 0.3778598939
-0.3161160090 0.1309369426 0.3778598939
-0.3216315170 0.1296813057 0.3778598939
-0.3298151414 0.1271410428 0.3778598939
-0.3439647239 0.1235163860 0.3778598939
-0.3536570767 0.1179048210 0.3778598939
-0.3619173276 0.1121077771 0.3778598939
-0.3727836703 0.1010142423 0.3778598939
-0.3771915146 0.0966831332 0.3778598939
0.2150893571 0.0853558679 0.3778598939
0.2147030112 0.0849025623 0.3778598939
0.2143354267 0.0841931630 0.3778598939
0.2040720651 0.0645112034 0.3778598939
0.1981592312 0.0519773191 0.3778598939
0.1941975147 0.0450687921 0.3778598939
0.1891324213 0.0281087093 0.3778598939
0.1882047828 0.0253399090 0.3778598939
0.1880027168 0.0243740514 0.3778598939
0.1861278712 0.0000483140 0.3778598939
0.1862480338 -0.0026874364 0.3778598939
0.1869163245 -0.0264625169 0.3778598939
0.1871314143 -0.0278188545 0.3778598939
0.1882410024 -0.0330516345 0.3778598939
0.1922754259 -0.0528725914 0.3778598939
0.1953789426 -0.0585906038 0.3778598939
0.2073828145 -0.0779927621 0.3778598939
0.2107046436 -0.0829354478 0.3778598939
0.2259873670 -0.1018556475 0.3778598939
0.2283155253 -0.1042025193 0.3778598939
0.2307493931 -0.1056692348 0.3778598939
0.2490266162 -0.1188183553 0.3778598939
0.2552844827 -0.1211985516 0.3778598939
0.2703436470 -0.1281484300 0.3778598939
0.2836062202 -0.1332423840 0.3778598939
0.2903699445 -0.1362905047 0.3778598939
0.2976893618 -0.1354971096 0.3778598939
0.3121961812 -0.1342146203 0.3778598939
0.3275638428 -0.1305026989 0.3778598939
0.3354167970 -0.1282511242 0.3778598939
0.3563605815 -0.1180695486 0.3778598939
0.3576822486 -0.1172204190 0.3778598939
0.3604369847 -0.1146534336 0.3778598939
0.3742137207 -0.1018192225 0.3778598939
0.3859854880 -0.0899609006 0.3778598939
0.3909147835 -0.0848288006 0.3778598939
0.3924901135 -0.0819653793 0.3778598939
0.4036644143 -0.0607713040 0.3778598939
0.4062065381 -0.0549132565 0.3778598939
0.4133821033 -0.0377443410 0.3778598939
0.4166470201 -0.0278551913 0.3778598939
0.4204253678 -0.0133370280 0.3778598939
0.4203036257 0.0022253052 0.3778598939
0.4197433681 0.0124421420 0.3778598939
0.4184349432 0.0332894526 0.3778598939
0.4177968667 0.0403455701 0.3778598939
0.4093235717 0.0634421318 0.3778598939
0.4081083355 0.0660634160 0.3778598939
0.4070231192 0.0678629492 0.3778598939
0.3955932179 0.0876330652 0.3778598939
0.3908480898 0.0940984413 0.3778598939
0.3778489221 0.1069005839 0.3778598939
0.3731888103 0.1102912117 0.3778598939
0.3645968800 0.1158640648 0.3778598939
0.3536277658 0.1228845439 0.3778598939
0.3463059261 0.1273186330 0.3778598939
0.3322968194 0.1326030813 0.3778598939
0.3144670658 0.1324421757 0.3778598939
0.3107243428 0.1322685899 0.3778598939
0.3048950902 0.1318285059 0.3778598939
0.2892112571 0.1307325615 0.3778598939
0.2756991984 0.1292107148 0.3778598939
0.2664813369 0.1265536522 0.3778598939
0.2561893588 0.1187602680 0.3778598939
0.2481378169 0.1130560374 0.3778598939
0.2408033649 0.1076449752 0.3778598939
0.2315855071 0.1006206371 0.3778598939
0.1206473013 -0.1079027559 0.2548385639
0.1342930390 -0.1136468317 0.2548385639
0.1472355440 -0.1190603067 0.2548385639
0.1483799367 -0.1195226977 0.2548385639
0.1517108740 -0.1208721214 0.2548385639
0.1691036312 -0.1285925891 0.2548385639
0.1757141974 -0.1317696134 0.2548385639
0.1897422530 -0.1355111399 0.2548385639
0.2031782632 -0.1369694452 0.2548385639
0.2127062433 -0.1386717396 0.2548385639
0.2242998966 -0.1393619993 0.2548385639
0.2354039180 -0.1400087332 0.2548385639
0.2441934857 -0.1391791818 0.2548385639
0.2569387119 -0.1381112409 0.2548385639
0.2740772863 -0.1357557403 0.2548385639
0.2796002663 -0.1344035600 0.2548385639
0.2818907060 -0.1335107139 0.2548385639
0.2877652037 -0.1304900096 0.2548385639
0.3034781931 -0.1231426595 0.2548385639
0.3115478760 -0.1174415454 0.2548385639
0.3215237097 -0.1093309830 0.2548385639
0.3380319389 -0.0958140039 0.2548385639
0.3405862545 -0.0936222309 0.2548385639
0.3426801945 -0.0908448077 0.2548385639
0.3562043929 -0.0728946314 0.2548385639
0.3606707756 -0.0648748534 0.2548385639
0.3675265190 -0.0526779590 0.2548385639
0.3738129999 -0.0381852695 0.2548385639
0.3751249106 -0.0334063570 0.2548385639
0.3769034568 -0.0172382191 0.2548385639
0.3774479481 -0.0093898429 0.2548385639
0.3782481697 0.0096121314 0.2548385639
0.3783343235 0.0157847488 0.2548385639
0.3740814502 0.0363579218 0.2548385639
0.3726571467 0.0419696789 0.2548385639
0.3695782593 0.0483464149 0.2548385639
0.3619568646 0.0651426303 0.2548385639
0.3551531790 0.0785067889 0.2548385639
0.3499754974 0.0871946742 0.2548385639
0.3330629525 0.1027926450 0.2548385639
0.3317150121 0.1039651338 0.2548385639
0.3116454442 0.1182251490 0.2548385639
0.3096337165 0.1196250958 0.2548385639
0.2984852421 0.1253023932 0.2548385639
0.2868201303 0.1311004683 0.2548385639
0.2839344126 0.1312578089 0.2548385639
0.2610989937 0.1339939546 0.2548385639
0.2525123452 0.1347355020 0.2548385639
0.2375613929 0.1361518336 0.2548385639
0.2283146041 0.1359468514 0.2548385639
0.2109250690 0.1347507714 0.2548385639
0.2035404064 0.1318008878 0.2548385639
0.1885031693 0.1278668072 0.2548385639
0.1821415229 0.1251595595 0.2548385639
0.1657211915 0.1201680204 0.2548385639
0.1625010875 0.1191586787 0.2548385639
0.1600047657 0.1184766694 0.2548385639
0.1446062041 0.1128202088 0.2548385639
0.1359335710 0.1068919448 0.2548385639
0.1258394393 0.1010925141 0.2548385639
0.1158832214 0.0940318919 0.2548385639
0.1066374686 0.0900976004 0.2548385639
0.0908763515 0.0839607537 0.2548385639
0.0854911978 0.0822913584 0.2548385639
0.0649532351 0.0736034023 0.2548385639
0.0641436449 0.0733679866 0.2548385639
0.0600355424 0.0707964722 0.2548385639
0.0448234435 0.0601586313 0.2548385639
0.0412582982 0.0574509107 0.2548385639
0.0325283328 0.0573761464 0.2548385639
0.0184343739 0.0558543942 0.2548385639
0.0073728346 0.0546438760 0.2548385639
-0.0050958184 0.0533258225 0.2548385639
-0.0139016359 0.0567215057 0.2548385639
-0.0293578742 0.0625022117 0.2548385639
-0.0385586132 0.0675719623 0.2548385639
-0.0553882576 0.0726718475 0.2548385639
-0.0648441393 0.0769425177 0.2548385639
-0.0786090577 0.0812763906 0.2548385639
-0.0879150254 0.0877535785 0.2548385639
-0.1013416897 0.0949133105 0.2548385639
-0.1114883497 0.1000479223 0.2548385639
-0.1239367055 0.1053601887 0.2548385639
-0.1374379771 0.1126732401 0.2548385639
-0.1463487789 0.1152472916 0.2548385639
-0.1576676517 0.1216125586 0.2548385639
-0.1714880959 0.1273414508 0.2548385639
-0.1793456854 0.1298350704 0.2548385639
-0.1860384188 0.1317881827 0.2548385639
-0.2028187001 0.1366752934 0.2548385639
-0.2132721278 0.1375174342 0.2548385639
-0.2291052006 0.1409251314 0.2548385639
-0.2443088323 0.1397461756 0.2548385639
-0.2520545218 0.1402188359 0.2548385639
-0.2635028364 0.1361792555 0.2548385639
-0.2743398500 0.1325160134 0.2548385639
-0.2829924399 0.1290403326 0.2548385639
-0.2962082482 0.1243695524 0.2548385639
-0.3046119022 0.1206165947 0.2548385639
-0.3161221578 0.1132932243 0.2548385639
-0.3304021331 0.1014472403 0.2548385639
-0.3332536625 0.0987185003 0.2548385639
-0.3392766757 0.0927518079 0.2548385639
-0.3489655685 0.0833068926 0.2548385639
-0.3532297846 0.0774205965 0.2548385639
-0.3616615795 0.0637312239 0.2548385639
-0.3689952963 0.0496201381 0.2548385639
-0.3730507601 0.0391516064 0.2548385639
-0.3765350777 0.0267285605 0.2548385639
-0.3790556955 0.0093980242 0.2548385639
-0.3793660470 0.0043626643 0.2548385639
-0.3794513200 -0.0031120197 0.2548385639
-0.3792089791 -0.0166830797 0.2548385639
-0.3769907522 -0.0332424211 0.2548385639
-0.3758087890 -0.0386760160 0.2548385639
-0.3686176640 -0.0535509665 0.2548385639
-0.3621826486 -0.0662815268 0.2548385639
-0.3584764619 -0.0734512891 0.2548385639
-0.3457254956 -0.0932528393 0.2548385639
-0.3453400640 -0.0938737003 0.2548385639
-0.3451719808 -0.0940380957 0.2548385639
-0.3273047505 -0.1091608581 0.2548385639
-0.3212878194 -0.1138648909 0.2548385639
-0.3080970246 -0.1228205746 0.2548385639
-0.2932827320 -0.1294895211 0.2548385639
-0.2856808804 -0.1315638814 0.2548385639
-0.2723721626 -0.1340258776 0.2548385639
-0.2627451746 -0.1358622981 0.2548385639
-0.2583339374 -0.1368103895 0.2548385639
-0.2384073430 -0.1377590953 0.2548385639
-0.2302739159 -0.1373839148 0.2548385639
-0.2171509172 -0.1351953699 0.2548385639
-0.2077771013 -0.1330453962 0.2548385639
-0.1926052693 -0.1296760750 0.2548385639
-0.1788927675 -0.1249418001 0.2548385639
-0.1695840262 -0.1232491662 0.2548385639
-0.1529583432 -0.1162722094 0.2548385639
-0.1478710239 -0.1147541852 0.2548385639
-0.1275536668 -0.1054971808 0.2548385639
-0.1270872145 -0.1052889320 0.2548385639
-0.1262717613 -0.1049534808 0.2548385639
-0.1085454304 -0.0966799238 0.2548385639
-0.0961844656 -0.0882417238 0.2548385639
-0.0911421750 -0.0862390577 0.2548385639
-0.0809195134 -0.0825004122 0.2548385639
-0.0717178300 -0.0778176789 0.2548385639
-0.0659253169 -0.0756043710 0.2548385639
-0.0522683114 -0.0686528147 0.2548385639
-0.0391995780 -0.0644557880 0.2548385639
-0.0323557990 -0.0632893488 0.2548385639
-0.0187180525 -0.0585478834 0.2548385639
-0.0038028929 -0.0593241443 0.2548385639
0.0050769011 -0.0570554492 0.2548385639
0.0211661870 -0.0562146567 0.2548385639
0.0279924813 -0.0560783979 0.2548385639
0.0459412121 -0.0685988697 0.2548385639
0.0520749270 -0.0707124007 0.2548385639
0.0725163556 -0.0815645022 0.2548385639
0.0744630076 -0.0821027957 0.2548385639
0.0946062686 -0.0944668430 0.2548385639
0.0963765792 -0.0949544397 0.2548385639
0.1103390819 -0.1024584053 0.2548385639
0.1193959243 -0.1072317385 0.2548385639
0.0606661432 0.1653140203 0.1318172338
0.0446701020 0.1659349291 0.1318172338
0.0337225859 0.1659974816 0.1318172338
0.0073967984 0.1671190584 0.1318172338
0.0061880761 0.1671296338 0.1318172338
0.0051043222 0.1671497016 0.1318172338
-0.0236986411 0.1670218466 0.1318172338
-0.0269396660 0.1669591233 0.1318172338
-0.0509165600 0.1669258898 0.1318172338
-0.0541909674 0.1668775761 0.1318172338
-0.0546090570 0.1668947294 0.1318172338
-0.0799419363 0.1654286222 0.1318172338
-0.0803750415 0.1654187119 0.1318172338
-0.0843479748 0.1651204405 0.1318172338
-0.1039082871 0.1636169316 0.1318172338
-0.1064149075 0.1634192474 0.1318172338
-0.1289185469 0.1618417476 0.1318172338
-0.1369668999 0.1612371417 0.1318172338
-0.1541036911 0.1608790466 0.1318172338
-0.1682012454 0.1579132185 0.1318172338
-0.1790908964 0.1561473474 0.1318172338
-0.1959597010 0.1517397443 0.1318172338
-0.2013734277 0.1503603594 0.1318172338
-0.2221176054 0.1420056527 0.1318172338
-0.2238648491 0.1413052376 0.1318172338
-0.2242366859 0.1410979692 0.1318172338
-0.2453906441 0.1294529180 0.1318172338
-0.2460662443 0.1290182022 0.1318172338
-0.2641592220 0.1181390993 0.1318172338
-0.2689902344 0.1140789298 0.1318172338
-0.2810717010 0.1040290167 0.1318172338
-0.2914027151 0.0944036424 0.1318172338
-0.2958075955 0.0901272147 0.1318172338
-0.3033562285 0.0810142751 0.1318172338
-0.3082312794 0.0750948532 0.1318172338
-0.3095423897 0.0727945054 0.1318172338
-0.3175547107 0.0580519036 0.1318172338
-0.3251096028 0.0432203801 0.1318172338
-0.3276082171 0.0381557850 0.1318172338
-0.3294830179 0.0308785396 0.1318172338
-0.3341688531 0.0150530710 0.1318172338
-0.3329221520 -0.0011756253 0.1318172338
-0.3324066418 -0.0083506155 0.1318172338
-0.3318576597 -0.0118320371 0.1318172338
-0.3303429418 -0.0343937178 0.1318172338
-0.3300447810 -0.0358387720 0.1318172338
-0.3267757430 -0.0423441703 0.1318172338
-0.3192789090 -0.0584055188 0.1318172338
-0.3164836821 -0.0629173693 0.1318172338
-0.3051791741 -0.0804086889 0.1318172338
-0.3005560540 -0.0859211038 0.1318172338
-0.2890406620 -0.0985573780 0.1318172338
-0.2767427339 -0.1072662469 0.1318172338
-0.2719432500 -0.1107787841 0.1318172338
-0.2663247715 -0.1148013458 0.1318172338
-0.2536069370 -0.1236925572 0.1318172338
-0.2396214884 -0.1309997041 0.1318172338
-0.2339027627 -0.1344322440 0.1318172338
-0.2297590608 -0.1360208360 0.1318172338
-0.2133292994 -0.1417695925 0.1318172338
-0.1942797842 -0.1482220552 0.1318172338
-0.1928358214 -0.1487122709 0.1318172338
-0.1909459625 -0.1492753606 0.1318172338
-0.1704560481 -0.1540262665 0.1318172338
-0.1567934074 -0.1550633204 0.1318172338
-0.1500665961 -0.1559302535 0.1318172338
-0.1302468177 -0.1581918838 0.1318172338
-0.1284975502 -0.1584517567 0.1318172338
-0.1204227888 -0.1594354006 0.1318172338
-0.1057323573 -0.1612129081 0.1318172338
-0.1018308283 -0.1614410007 0.1318172338
-0.0792498370 -0.1625521834 0.1318172338
-0.0731399521 -0.1627208232 0.1318172338
-0.0536598301 -0.1637097433 0.1318172338
-0.0335251150 -0.1650071858 0.1318172338
-0.0291028170 -0.1653278823 0.1318172338
-0.0236888183 -0.1657260296 0.1318172338
-0.0040547732 -0.1668821852 0.1318172338
0.0090090034 -0.1677344865 0.1318172338
0.0215958466 -0.1681874715 0.1318172338
0.0382415020 -0.1690050181 0.1318172338
0.0585393826 -0.1691748839 0.1318172338
0.0629433407 -0.1691034272 0.1318172338
0.0673649911 -0.1689823994 0.1318172338
0.0882609909 -0.1682509794 0.1318172338
0.1092134585 -0.1679181404 0.1318172338
0.1121695651 -0.1678355800 0.1318172338
0.1160559032 -0.1678899610 0.1318172338
0.1364949938 -0.1661463618 0.1318172338
0.1529457079 -0.1631620083 0.1318172338
0.1625635180 -0.1614800205 0.1318172338
0.1761890654 -0.1576878206 0.1318172338
0.1894894423 -0.1540051431 0.1318172338
0.1981553971 -0.1511050385 0.1318172338
0.2141905820 -0.1462822789 0.1318172338
0.2367591249 -0.1348914678 0.1318172338
0.2369999695 -0.1347907611 0.1318172338
0.2372179237 -0.1346593943 0.1318172338
0.2589935451 -0.1205010819 0.1318172338
0.2711047914 -0.1120100527 0.1318172338
0.2766235106 -0.1081857355 0.1318172338
0.2802371733 -0.1044656120 0.1318172338
0.2912826591 -0.0933437823 0.1318172338
0.2987186944 -0.0844613297 0.1318172338
0.3088744937 -0.0730450857 0.1318172338
0.3142649294 -0.0653885544 0.1318172338
0.3217488586 -0.0512574039 0.1318172338
0.3275496447 -0.0309389266 0.1318172338
0.3276609988 -0.0306214697 0.1318172338
0.3277564399 -0.0302885602 0.1318172338
0.3343333007 -0.0081727455 0.1318172338
0.3339466436 0.0117122825 0.1318172338
0.3339862112 0.0144684295 0.1318172338
0.3329285405 0.0173801708 0.1318172338
0.3272224446 0.0362265078 0.1318172338
0.3227482913 0.0482686565 0.1318172338
0.3196662559 0.0562300012 0.1318172338
0.3117391989 0.0685022191 0.1318172338
0.3039443999 0.0789929348 0.1318172338
0.2967966402 0.0872303442 0.1318172338
0.2848945051 0.1000415428 0.1318172338
0.2782619586 0.1059534707 0.1318172338
0.2630618500 0.1177021823 0.1318172338
0.2596615098 0.1197759134 0.1318172338
0.2431922685 0.1289015410 0.1318172338
0.2337694208 0.1333789464 0.1318172338
0.2200786012 0.1399008171 0.1318172338
0.2031754379 0.1452907498 0.1318172338
0.1949929907 0.1485958472 0.1318172338
0.1798741233 0.1508283453 0.1318172338
0.1709005986 0.1521895688 0.1318172338
0.1654475105 0.1527231567 0.1318172338
0.1462005624 0.1567237772 0.1318172338
0.1352414910 0.1584215935 0.1318172338
0.1155746343 0.1616883981 0.1318172338
0.1088404618 0.1621661038 0.1318172338
0.0867595480 0.1644306578 0.1318172338
0.0781005524 0.1644952303 0.1318172338
0.3140834796 0.0136340652 0.0087959038
0.3117453657 0.0232789242 0.0087959038
0.3048914098 0.0389788412 0.0087959038
0.3004279898 0.0477411311 0.0087959038
0.2912809242 0.0649013476 0.0087959038
0.2881611812 0.0701325345 0.0087959038
0.2740367949 0.0865057908 0.0087959038
0.2702369251 0.0902546198 0.0087959038
0.2552643760 0.1055808650 0.0087959038
0.2499514737 0.1106364741 0.0087959038
0.2360292546 0.1221448369 0.0087959038
0.2268428959 0.1281452883 0.0087959038
0.2144747592 0.1355743409 0.0087959038
0.2056696917 0.1410011006 0.0087959038
0.1956713811 0.1469822922 0.0087959038
0.1775282740 0.1557767378 0.0087959038
0.1768039399 0.1560770297 0.0087959038
0.1750524135 0.1566434013 0.0087959038
0.1573262621 0.1624821993 0.0087959038
0.1499970312 0.1647292859 0.0087959038
0.1360159423 0.1691085459 0.0087959038
0.1254120375 0.1722161137 0.0087959038
0.1123302988 0.1759090203 0.0087959038
0.1005188708 0.1779119557 0.0087959038
0.0858022587 0.1798622685 0.0087959038
0.0748337358 0.1811028998 0.0087959038
0.0565513469 0.1833029742 0.0087959038
0.0495675248 0.1840670268 0.0087959038
0.0299937252 0.1861838152 0.0087959038
0.0245249618 0.1864811966 0.0087959038
0.0063372517 0.1869824010 0.0087959038
-0.0067236511 0.1867340727 0.0087959038
-0.0160623034 0.1862191706 0.0087959038
-0.0236989120 0.1859578459 0.0087959038
-0.0391270084 0.1851357427 0.0087959038
-0.0595791383 0.1844124579 0.0087959038
-0.0615150357 0.1842786348 0.0087959038
-0.0646955474 0.1839198916 0.0087959038
-0.0845002102 0.1812447278 0.0087959038
-0.0932367655 0.1798290346 0.0087959038
-0.1080954485 0.1769551956 0.0087959038
-0.1168739763 0.1751439537 0.0087959038
-0.1383945347 0.1700338017 0.0087959038
-0.1408980310 0.1694501060 0.0087959038
-0.1484638647 0.1668312250 0.0087959038
-0.1650213749 0.1611606217 0.0087959038
-0.1734995137 0.1579567931 0.0087959038
-0.1872534086 0.1526086525 0.0087959038
-0.1997190566 0.1462778168 0.0087959038
-0.2094445522 0.1412580708 0.0087959038
-0.2289768441 0.1279427626 0.0087959038
-0.2312013217 0.1264388111 0.0087959038
-0.2319477581 0.1259175971 0.0087959038
-0.2548768417 0.1103880518 0.0087959038
-0.2550513663 0.1102269562 0.0087959038
-0.2719748827 0.0903819732 0.0087959038
-0.2726182756 0.0896465014 0.0087959038
-0.2868807998 0.0724408563 0.0087959038
-0.2886875531 0.0699634909 0.0087959038
-0.2979291499 0.0574074382 0.0087959038
-0.3058504139 0.0386847395 0.0087959038
-0.3068192553 0.0366046024 0.0087959038
-0.3075824457 0.0347649795 0.0087959038
-0.3146110101 0.0172224399 0.0087959038
-0.3173615509 -0.0039479506 0.0087959038
-0.3172835062 -0.0068715085 0.0087959038
-0.3135727678 -0.0176346384 0.0087959038
-0.3094821497 -0.0293993195 0.0087959038
-0.3083938671 -0.0321085624 0.0087959038
-0.3000143298 -0.0514899662 0.0087959038
-0.2926607367 -0.0626661580 0.0087959038
-0.2862262030 -0.0716611093 0.0087959038
-0.2723268142 -0.0888393495 0.0087959038
-0.2699116190 -0.0921403472 0.0087959038
-0.2539243709 -0.1090138637 0.0087959038
-0.2510234153 -0.1116407085 0.0087959038
-0.2449287700 -0.1162936478 0.0087959038
-0.2310116641 -0.1273503478 0.0087959038
-0.2154238287 -0.1390245806 0.0087959038
-0.2118857936 -0.1417308776 0.0087959038
-0.2084024313 -0.1433796371 0.0087959038
-0.1901186777 -0.1523833494 0.0087959038
-0.1686406268 -0.1605016581 0.0087959038
-0.1645167553 -0.1620840277 0.0087959038
-0.1622491357 -0.1628832902 0.0087959038
-0.1379880717 -0.1708885979 0.0087959038
-0.1339129051 -0.1718278362 0.0087959038
-0.1094015199 -0.1771800296 0.0087959038
-0.1086159478 -0.1773391102 0.0087959038
-0.0858851211 -0.1815518185 0.0087959038
-0.0829013563 -0.1820368222 0.0087959038
-0.0643101944 -0.1843152754 0.0087959038
-0.0530833006 -0.1854003728 0.0087959038
-0.0426185091 -0.1863317980 0.0087959038
-0.0294471869 -0.1876175891 0.0087959038
-0.0203362950 -0.1882000060 0.0087959038
-0.0125637480 -0.1886181173 0.0087959038
0.0007697005 -0.1885849796 0.0087959038
0.0122519071 -0.1883031651 0.0087959038
0.0225658745 -0.1877062869 0.0087959038
0.0392451705 -0.1865752650 0.0087959038
0.0450731604 -0.1860791673 0.0087959038
0.0492805562 -0.1857377337 0.0087959038
0.0668187210 -0.1839665006 0.0087959038
0.0875132083 -0.1811184025 0.0087959038
0.0894241609 -0.1808556287 0.0087959038
0.0907861151 -0.1806872845 0.0087959038
0.1143534938 -0.1758733326 0.0087959038
0.1166986547 -0.1753614346 0.0087959038
0.1275771009 -0.1724936009 0.0087959038
0.1393806349 -0.1693695238 0.0087959038
0.1424201925 -0.1685560531 0.0087959038
0.1620883825 -0.1626281872 0.0087959038
0.1697172102 -0.1600698218 0.0087959038
0.1893051724 -0.1512284522 0.0087959038
0.1904088337 -0.1506597430 0.0087959038
0.2093752358 -0.1408499013 0.0087959038
0.2156161049 -0.1374911904 0.0087959038
0.2274521779 -0.1305197788 0.0087959038
0.2427831834 -0.1183565847 0.0087959038
0.2434399231 -0.1177890658 0.0087959038
0.2454688874 -0.1159390380 0.0087959038
0.2614942130 -0.1012461570 0.0087959038
0.2652475706 -0.0975309030 0.0087959038
0.2798926876 -0.0807870190 0.0087959038
0.2813577431 -0.0789668082 0.0087959038
0.2904795048 -0.0615980693 0.0087959038
0.2926673490 -0.0575485402 0.0087959038
0.2929970918 -0.0569773950 0.0087959038
0.3035647049 -0.0351457825 0.0087959038
0.3041274066 -0.0335169642 0.0087959038
0.3082056244 -0.0193112216 0.0087959038
0.3107067427 -0.0108323840 0.0087959038
0.3110238583 -0.0095366859 0.0087959038
0.2471966787 -0.1242856269 -0.1142254263
0.2484635867 -0.1235639006 -0.1142254263
0.2662288211 -0.1128194322 -0.1142254263
0.2750455013 -0.1072089793 -0.1142254263
0.2817154709 -0.1002553504 -0.1142254263
0.2892163000 -0.0924817240 -0.1142254263
0.2994663714 -0.0788578909 -0.1142254263
0.3012775785 -0.0767753330 -0.1142254263
0.3039919373 -0.0729981169 -0.1142254263
0.3141908966 -0.0597564739 -0.1142254263
0.3263673186 -0.0395166402 -0.1142254263
0.3264366937 -0.0394104235 -0.1142254263
0.3264490908 -0.0393707799 -0.1142254263
0.3264812895 -0.0390076682 -0.1142254263
0.3289966859 -0.0163365246 -0.1142254263
0.3294137072 -0.0102313359 -0.1142254263
0.3309705013 0.0047187278 -0.1142254263
0.3307335563 0.0165642443 -0.1142254263
0.3301406781 0.0282092527 -0.1142254263
0.3249730462 0.0395873882 -0.1142254263
0.3209338500 0.0494313285 -0.1142254263
0.3146577365 0.0586163522 -0.1142254263
0.3081316622 0.0685945601 -0.1142254263
0.2992386380 0.0807077722 -0.1142254263
0.2937002003 0.0891439889 -0.1142254263
0.2896171608 0.0935824895 -0.1142254263
0.2734121764 0.1084952266 -0.1142254263
0.2668922808 0.1141355781 -0.1142254263
0.2506033444 0.1261279031 -0.1142254263
0.2491428734 0.1271826325 -0.1142254263
0.2460092188 0.1288398130 -0.1142254263
0.2279453324 0.1386455237 -0.1142254263
0.2245766275 0.1401294396 -0.1142254263
0.2065591440 0.1475780212 -0.1142254263
0.2035464606 0.1489825048 -0.1142254263
0.1889416473 0.1538787640 -0.1142254263
0.1720091647 0.1577195889 -0.1142254263
0.1686526160 0.1586699185 -0.1142254263
0.1622095480 0.1596567548 -0.1142254263
0.1471170986 0.1615484094 -0.1142254263
0.1295432886 0.1637890329 -0.1142254263
0.1226851603 0.1646073652 -0.1142254263
0.1141806031 0.1654052404 -0.1142254263
0.1030178052 0.1664239384 -0.1142254263
0.0893942374 0.1673104404 -0.1142254263
0.0766423727 0.1684342020 -0.1142254263
0.0671320277 0.1680246061 -0.1142254263
0.0536009193 0.1685128055 -0.1142254263
0.0441275894 0.1685741812 -0.1142254263
0.0342220513 0.1691371801 -0.1142254263
0.0219734579 0.1691220065 -0.1142254263
0.0123417262 0.1695202423 -0.1142254263
0.0016492795 0.1692504519 -0.1142254263
-0.0126838624 0.1686607331 -0.1142254263
-0.0243026305 0.1689064776 -0.1142254263
-0.0348089131 0.1682945900 -0.1142254263
-0.0535126697 0.1682660053 -0.1142254263
-0.0577185126 0.1681926836 -0.1142254263
-0.0807394451 0.1675663625 -0.1142254263
-0.0834908953 0.1676604765 -0.1142254263
-0.1044227694 0.1659218663 -0.1142254263
-0.1127071733 0.1653715249 -0.1142254263
-0.1281076465 0.1629350266 -0.1142254263
-0.1480757651 0.1585202912 -0.1142254263
-0.1492866797 0.1582335157 -0.1142254263
-0.1500202363 0.1580476823 -0.1142254263
-0.1705717271 0.1540825566 -0.1142254263
-0.1783505790 0.1522665514 -0.1142254263
-0.1943940136 0.1489618038 -0.1142254263
-0.2079614225 0.1444746184 -0.1142254263
-0.2170246427 0.1418913397 -0.1142254263
-0.2336063942 0.1324944283 -0.1142254263
-0.2346596291 0.1318877206 -0.1142254263
-0.2429767801 0.1266472371 -0.1142254263
-0.2536004458 0.1199747091 -0.1142254263
-0.2540675290 0.1196874255 -0.1142254263
-0.2738423793 0.1068891733 -0.1142254263
-0.2754485316 0.1056339288 -0.1142254263
-0.2899955704 0.0896793797 -0.1142254263
-0.2960743874 0.0822225426 -0.1142254263
-0.3049332341 0.0716001717 -0.1142254263
-0.3161695560 0.0579273580 -0.1142254263
-0.3197825019 0.0506079918 -0.1142254263
-0.3253015948 0.0336789872 -0.1142254263
-0.3276064866 0.0193587844 -0.1142254263
-0.3293720868 0.0096643884 -0.1142254263
-0.3325900489 -0.0111598813 -0.1142254263
-0.3326609943 -0.0145101363 -0.1142254263
-0.3235277874 -0.0400655096 -0.1142254263
-0.3232484108 -0.0406479487 -0.1142254263
-0.3204989159 -0.0453920077 -0.1142254263
-0.3104979106 -0.0629999839 -0.1142254263
-0.3096365431 -0.0645276878 -0.1142254263
-0.2972247612 -0.0851446492 -0.1142254263
-0.2958454476 -0.0869457548 -0.1142254263
-0.2767997377 -0.1051330948 -0.1142254263
-0.2758080996 -0.1061183165 -0.1142254263
-0.2568857985 -0.1215217340 -0.1142254263
-0.2528458760 -0.1246129400 -0.1142254263
-0.2346300995 -0.1369122351 -0.1142254263
-0.2306936200 -0.1389791922 -0.1142254263
-0.2085690305 -0.1481505013 -0.1142254263
-0.2018994215 -0.1511409754 -0.1142254263
-0.1865317223 -0.1557495835 -0.1142254263
-0.1694025527 -0.1601156050 -0.1142254263
-0.1626458940 -0.1616229437 -0.1142254263
-0.1440956088 -0.1654288244 -0.1142254263
-0.1329651124 -0.1667955916 -0.1142254263
-0.1201344328 -0.1691540709 -0.1142254263
-0.1024496317 -0.1701882285 -0.1142254263
-0.0958803900 -0.1707481063 -0.1142254263
-0.0735771856 -0.1714513329 -0.1142254263
-0.0719921791 -0.1714677391 -0.1142254263
-0.0485353322 -0.1718535046 -0.1142254263
-0.0408964941 -0.1719914920 -0.1142254263
-0.0263982133 -0.1714331495 -0.1142254263
-0.0062679553 -0.1715048242 -0.1142254263
-0.0044180481 -0.1713944083 -0.1142254263
-0.0010843563 -0.1713528310 -0.1142254263
0.0184464283 -0.1704018982 -0.1142254263
0.0359526492 -0.1692061015 -0.1142254263
0.0435720577 -0.1686923596 -0.1142254263
0.0494841073 -0.1683509809 -0.1142254263
0.0671467635 -0.1665684025 -0.1142254263
0.0801230275 -0.1654349422 -0.1142254263
0.0893294656 -0.1644482374 -0.1142254263
0.1094601025 -0.1626984693 -0.1142254263
0.1129523233 -0.1623421752 -0.1142254263
0.1145763994 -0.1620358426 -0.1142254263
0.1368991018 -0.1580378645 -0.1142254263
0.1468796957 -0.1559776359 -0.1142254263
0.1604427758 -0.1542663084 -0.1142254263
0.1755377947 -0.1519426589 -0.1142254263
0.1831448005 -0.1505454433 -0.1142254263
0.1941289103 -0.1474083771 -0.1142254263
0.2053684971 -0.1442933402 -0.1142254263
0.2123312027 -0.1418404051 -0.1142254263
0.2267383442 -0.1348316506 -0.1142254263
0.2445737189 -0.1256098875 -0.1142254263
-0.3311762673 -0.0996685422 -0.2372467564
-0.3257133905 -0.1036043666 -0.2372467564
-0.3122110221 -0.1138659355 -0.2372467564
-0.3060769277 -0.1176801227 -0.2372467564
-0.2920021184 -0.1254489504 -0.2372467564
-0.2783436252 -0.1315064441 -0.2372467564
-0.2682481231 -0.1348340578 -0.2372467564
-0.2520653681 -0.1399035201 -0.2372467564
-0.2431519012 -0.1404843152 -0.2372467564
-0.2221818220 -0.1409220836 -0.2372467564
-0.2189214342 -0.1408494014 -0.2372467564
-0.2157019636 -0.1405933846 -0.2372467564
-0.1941447757 -0.1389773843 -0.2372467564
-0.1849357589 -0.1372719093 -0.2372467564
-0.1701834485 -0.1358327168 -0.2372467564
-0.1592461587 -0.1304268713 -0.2372467564
-0.1461684621 -0.1265210886 -0.2372467564
-0.1350570235 -0.1214871261 -0.2372467564
-0.1186222978 -0.1149805267 -0.2372467564
-0.1119519201 -0.1119214891 -0.2372467564
-0.0876157050 -0.1026799314 -0.2372467564
-0.0867001148 -0.1021034510 -0.2372467564
-0.0848215368 -0.1010370662 -0.2372467564
-0.0652603859 -0.0920802821 -0.2372467564
-0.0503668937 -0.0869738602 -0.2372467564
-0.0404765831 -0.0846411554 -0.2372467564
-0.0248416480 -0.0792254228 -0.2372467564
-0.0110015213 -0.0771569003 -0.2372467564
-0.0008830594 -0.0765144610 -0.2372467564
0.0217939542 -0.0773238979 -0.2372467564
0.0227118451 -0.0774855681 -0.2372467564
0.0271464184 -0.0781111928 -0.2372467564
0.0472441563 -0.0802898597 -0.2372467564
0.0504909597 -0.0813446504 -0.2372467564
0.0688677260 -0.0898877711 -0.2372467564
0.0868774122 -0.0988219405 -0.2372467564
0.0878542616 -0.0992011254 -0.2372467564
0.0888616801 -0.0997169061 -0.2372467564
0.1074014213 -0.1053809193 -0.2372467564
0.1151052673 -0.1074569624 -0.2372467564
0.1281108084 -0.1133858754 -0.2372467564
0.1385600524 -0.1178427722 -0.2372467564
0.1508413262 -0.1234663683 -0.2372467564
0.1616094115 -0.1261260383 -0.2372467564
0.1720619209 -0.1294695712 -0.2372467564
0.1900728068 -0.1317103799 -0.2372467564
0.1930234716 -0.1326936943 -0.2372467564
0.2020422178 -0.1333880316 -0.2372467564
0.2148063368 -0.1341060007 -0.2372467564
0.2206471771 -0.1341943839 -0.2372467564
0.2408834219 -0.1364452175 -0.2372467564
0.2564318780 -0.1342122403 -0.2372467564
0.2667651971 -0.1329336676 -0.2372467564
0.2736815420 -0.1304851723 -0.2372467564
0.2881817120 -0.1248099369 -0.2372467564
0.3052754694 -0.1183363715 -0.2372467564
0.3080669606 -0.1169032577 -0.2372467564
0.3279855956 -0.1022589370 -0.2372467564
0.3285442957 -0.1018623217 -0.2372467564
0.3286003681 -0.1018112405 -0.2372467564
0.3455904385 -0.0845795358 -0.2372467564
0.3461641344 -0.0839759008 -0.2372467564
0.3601227986 -0.0656829523 -0.2372467564
0.3624667505 -0.0599258370 -0.2372467564
0.3686106553 -0.0421041654 -0.2372467564
0.3713859271 -0.0336879699 -0.2372467564
0.3754906106 -0.0194014836 -0.2372467564
0.3765840251 -0.0067183042 -0.2372467564
0.3762494375 0.0027810852 -0.2372467564
0.3720538377 0.0231667640 -0.2372467564
0.3714532013 0.0258230872 -0.2372467564
0.3669428134 0.0464061678 -0.2372467564
0.3655443468 0.0503207356 -0.2372467564
0.3570597522 0.0665064432 -0.2372467564
0.3499018292 0.0752608610 -0.2372467564
0.3429131284 0.0836261095 -0.2372467564
0.3290363643 0.0991804346 -0.2372467564
0.3272168376 0.1009617441 -0.2372467564
0.3176368527 0.1082869401 -0.2372467564
0.3077561634 0.1161182445 -0.2372467564
0.3054661226 0.1174262028 -0.2372467564
0.2874478831 0.1257237730 -0.2372467564
0.2752739022 0.1300346917 -0.2372467564
0.2671946694 0.1330018566 -0.2372467564
0.2583894485 0.1347769968 -0.2372467564
0.2440628111 0.1398013833 -0.2372467564
0.2283188448 0.1401775267 -0.2372467564
0.2221544354 0.1390634144 -0.2372467564
0.2045830492 0.1368765134 -0.2372467564
0.1946923911 0.1347972847 -0.2372467564
0.1828450674 0.1327344064 -0.2372467564
0.1669955313 0.1291965032 -0.2372467564
0.1623454705 0.1280302652 -0.2372467564
0.1489729567 0.1237068524 -0.2372467564
0.1374156049 0.1186315503 -0.2372467564
0.1278113939 0.1161407289 -0.2372467564
0.1107264815 0.1066750470 -0.2372467564
0.1085843226 0.1060177263 -0.2372467564
0.1035632034 0.1040424479 -0.2372467564
0.0874958294 0.0968444548 -0.2372467564
0.0776415980 0.0938229390 -0.2372467564
0.0673524561 0.0911121212 -0.2372467564
0.0466819029 0.0846355816 -0.2372467564
0.0460927096 0.0845003255 -0.2372467564
0.0390118881 0.0815152789 -0.2372467564
0.0235618520 0.0748309171 -0.2372467564
0.0223048296 0.0744521488 -0.2372467564
0.0183625700 0.0747067161 -0.2372467564
-0.0001702089 0.0754356936 -0.2372467564
-0.0078353258 0.0760264702 -0.2372467564
-0.0259477021 0.0743472616 -0.2372467564
-0.0375238810 0.0773638881 -0.2372467564
-0.0469531497 0.0817745462 -0.2372467564
-0.0544364302 0.0848290579 -0.2372467564
-0.0674788214 0.0876450708 -0.2372467564
-0.0755078213 0.0893073596 -0.2372467564
-0.0881421205 0.0923991253 -0.2372467564
-0.0999422369 0.0982846515 -0.2372467564
-0.1086740423 0.1014725051 -0.2372467564
-0.1261471503 0.1119416460 -0.2372467564
-0.1292195658 0.1132522060 -0.2372467564
-0.1433619271 0.1180125890 -0.2372467564
-0.1514603399 0.1208195077 -0.2372467564
-0.1527665594 0.1213838424 -0.2372467564
-0.1605909616 0.1235041079 -0.2372467564
-0.1780647033 0.1282440321 -0.2372467564
-0.1819715295 0.1290663218 -0.2372467564
-0.2062635827 0.1371260015 -0.2372467564
-0.2084826318 0.1370445889 -0.2372467564
-0.2155988465 0.1368138213 -0.2372467564
-0.2345250949 0.1360758416 -0.2372467564
-0.2392120488 0.1359959170 -0.2372467564
-0.2649457255 0.1348051551 -0.2372467564
-0.2653527585 0.1348025822 -0.2372467564
-0.2660271860 0.1347020774 -0.2372467564
-0.2853715795 0.1287268610 -0.2372467564
-0.3026684265 0.1196158219 -0.2372467564
-0.3052415361 0.1181100893 -0.2372467564
-0.3147449194 0.1126458598 -0.2372467564
-0.3246419334 0.1069490647 -0.2372467564
-0.3300188162 0.1015773610 -0.2372467564
-0.3400560110 0.0912334051 -0.2372467564
-0.3438949535 0.0863441254 -0.2372467564
-0.3545797034 0.0718989377 -0.2372467564
-0.3608528741 0.0626751420 -0.2372467564
-0.3678506917 0.0475057217 -0.2372467564
-0.3695670678 0.0426788960 -0.2372467564
-0.3710061887 0.0370794299 -0.2372467564
-0.3749204766 0.0219335452 -0.2372467564
-0.3769128400 0.0076388897 -0.2372467564
-0.3779313930 0.0005651827 -0.2372467564
-0.3766058572 -0.0089159278 -0.2372467564
-0.3745897134 -0.0228766208 -0.2372467564
-0.3718234922 -0.0355714432 -0.2372467564
-0.3691374222 -0.0450909491 -0.2372467564
-0.3594302553 -0.0635162877 -0.2372467564
-0.3562996475 -0.0688683491 -0.2372467564
-0.3463856476 -0.0827280710 -0.2372467564
-0.3338532632 -0.0970726814 -0.2372467564
0.2557583677 -0.1211994773 -0.3602680864
0.2657368443 -0.1255662493 -0.3602680864
0.2751638666 -0.1305419971 -0.3602680864
0.2962179929 -0.1340733067 -0.3602680864
0.2982144762 -0.1344727322 -0.3602680864
0.3173424209 -0.1330492927 -0.3602680864
0.3248869266 -0.1324790618 -0.3602680864
0.3255032077 -0.1323688878 -0.3602680864
0.3488878763 -0.1275914126 -0.3602680864
0.3522031162 -0.1254046869 -0.3602680864
0.3675817980 -0.1146946269 -0.3602680864
0.3798079980 -0.1043474183 -0.3602680864
0.3871682335 -0.0969261127 -0.3602680864
0.4008181287 -0.0737591663 -0.3602680864
0.4013206650 -0.0728636477 -0.3602680864
0.4014583242 -0.0725446700 -0.3602680864
0.4031826595 -0.0676470023 -0.3602680864
0.4111530742 -0.0452190368 -0.3602680864
0.4114374428 -0.0437301766 -0.3602680864
0.4127081222 -0.0370587606 -0.3602680864
0.4166200592 -0.0163224668 -0.3602680864
0.4168616424 -0.0116573588 -0.3602680864
0.4178406824 0.0097074547 -0.3602680864
0.4171153218 0.0164086009 -0.3602680864
0.4106408922 0.0334342418 -0.3602680864
0.4074544828 0.0421314218 -0.3602680864
0.3999141437 0.0600721512 -0.3602680864
0.3987346486 0.0625983727 -0.3602680864
0.3947227612 0.0698495544 -0.3602680864
0.3870757289 0.0842245035 -0.3602680864
0.3828682114 0.0888362131 -0.3602680864
0.3667545767 0.1035470142 -0.3602680864
0.3609702786 0.1080609594 -0.3602680864
0.3425488950 0.1220403095 -0.3602680864
0.3411414990 0.1231170421 -0.3602680864
0.3405353219 0.1234324936 -0.3602680864
0.3170501582 0.1299160637 -0.3602680864
0.3046284334 0.1310164335 -0.3602680864
0.2937539729 0.1308158652 -0.3602680864
0.2754226850 0.1307101988 -0.3602680864
0.2690566516 0.1292331348 -0.3602680864
0.2493008118 0.1221361769 -0.3602680864
0.2427272686 0.1177707768 -0.3602680864
0.2309793324 0.1104749824 -0.3602680864
0.2169760468 0.0980401896 -0.3602680864
0.2117224954 0.0936947531 -0.3602680864
0.2089415106 0.0897182968 -0.3602680864
0.1964865531 0.0734739605 -0.3602680864
0.1913558577 0.0620121774 -0.3602680864
0.1878713078 0.0536830779 -0.3602680864
0.1825654510 0.0379185824 -0.3602680864
0.1796867936 0.0305656517 -0.3602680864
0.1771563481 0.0142033214 -0.3602680864
0.1763004412 0.0094619614 -0.3602680864
0.1781845172 0.0001632008 -0.3602680864
0.1790089317 -0.0091573701 -0.3602680864
0.1804551995 -0.0190825512 -0.3602680864
0.1807731646 -0.0275271694 -0.3602680864
0.1822247739 -0.0322716915 -0.3602680864
0.1855258628 -0.0497150879 -0.3602680864
0.1897927412 -0.0573014478 -0.3602680864
0.1996248603 -0.0734730280 -0.3602680864
0.2036999068 -0.0783583328 -0.3602680864
0.2151384601 -0.0928396164 -0.3602680864
0.2193252132 -0.0976378394 -0.3602680864
0.2311563363 -0.1069278091 -0.3602680864
0.2368297913 -0.1117468392 -0.3602680864
0.2422343573 -0.1144377816 -0.3602680864
-0.3441685089 0.1248657883 -0.3602680864
-0.3609065867 0.1159598095 -0.3602680864
-0.3676084609 0.1123135329 -0.3602680864
-0.3852722650 0.0962616198 -0.3602680864
-0.3873096970 0.0942268809 -0.3602680864
-0.3908753161 0.0893055627 -0.3602680864
-0.4016257494 0.0733033955 -0.3602680864
-0.4065191883 0.0643064979 -0.3602680864
-0.4139593579 0.0506020658 -0.3602680864
-0.4170307610 0.0320851015 -0.3602680864
-0.4174334647 0.0275798279 -0.3602680864
-0.4174847058 0.0216338711 -0.3602680864
-0.4177254097 0.0048069701 -0.3602680864
-0.4173770064 -0.0063828116 -0.3602680864
-0.4167890378 -0.0186406269 -0.3602680864
-0.4100506717 -0.0399078681 -0.3602680864
-0.4097866234 -0.0406577340 -0.3602680864
-0.4012868824 -0.0601407722 -0.3602680864
-0.3990570754 -0.0646308628 -0.3602680864
-0.3896765803 -0.0824508735 -0.3602680864
-0.3879492477 -0.0857944559 -0.3602680864
-0.3870038520 -0.0867677692 -0.3602680864
-0.3694900322 -0.1033746513 -0.3602680864
-0.3562322005 -0.1146043300 -0.3602680864
-0.3516928332 -0.1183628848 -0.3602680864
-0.3481990710 -0.1200214372 -0.3602680864
-0.3300955707 -0.1301055628 -0.3602680864
-0.3184531591 -0.1310760022 -0.3602680864
-0.3092027663 -0.1316449998 -0.3602680864
-0.2868477098 -0.1325893861 -0.3602680864
-0.2861630043 -0.1326182445 -0.3602680864
-0.2859963631 -0.1325886960 -0.3602680864
-0.2840964372 -0.1321912385 -0.3602680864
-0.2618290307 -0.1276492144 -0.3602680864
-0.2592652075 -0.1270846586 -0.3602680864
-0.2398157455 -0.1146032364 -0.3602680864
-0.2390865282 -0.1142072688 -0.3602680864
-0.2353360775 -0.1118167453 -0.3602680864
-0.2195524199 -0.1021600096 -0.3602680864
-0.2173572189 -0.0993531762 -0.3602680864
-0.2049953379 -0.0850930332 -0.3602680864
-0.1996053363 -0.0741964216 -0.3602680864
-0.1939942235 -0.0649661198 -0.3602680864
-0.1837789641 -0.0447048142 -0.3602680864
-0.1835265570 -0.0442052393 -0.3602680864
-0.1833579537 -0.0433848141 -0.3602680864
-0.1789908888 -0.0211608973 -0.3602680864
-0.1786050265 -0.0031878782 -0.3602680864
-0.1782752002 0.0013660595 -0.3602680864
-0.1787315375 0.0074297870 -0.3602680864
-0.1802095480 0.0233767749 -0.3602680864
-0.1835447270 0.0348393676 -0.3602680864
-0.1865496437 0.0444638283 -0.3602680864
-0.1920191796 0.0554992806 -0.3602680864
-0.1963725357 0.0638570983 -0.3602680864
-0.1991779157 0.0680678716 -0.3602680864
-0.2084612965 0.0829240475 -0.3602680864
-0.2128503528 0.0886396555 -0.3602680864
-0.2222986514 0.0967332437 -0.3602680864
-0.2299905590 0.1043819526 -0.3602680864
-0.2403659141 0.1118181657 -0.3602680864
-0.2495531338 0.1179663578 -0.3602680864
-0.2574068193 0.1215807053 -0.3602680864
-0.2684636938 0.1271911410 -0.3602680864
-0.2837529378 0.1310415942 -0.3602680864
-0.2886064480 0.1319418443 -0.3602680864
-0.2929083883 0.1324777211 -0.3602680864
-0.3097487009 0.1346850722 -0.3602680864
-0.3204648209 0.1346838895 -0.3602680864
-0.3346350732 0.1293875726 -0.3602680864
0.4324193343 0.0227524837 -0.4832894165
0.4315233003 0.0274097556 -0.4832894165
0.4281751410 0.0416274246 -0.4832894165
0.4185160762 0.0625198922 -0.4832894165
0.4176639309 0.0643153694 -0.4832894165
0.4167943764 0.0661328573 -0.4832894165
0.4070927906 0.0863898477 -0.4832894165
0.3963736581 0.0990032160 -0.4832894165
0.3934302497 0.1023727995 -0.4832894165
0.3889068547 0.1059330745 -0.4832894165
0.3760476465 0.1154453476 -0.4832894165
0.3671124966 0.1218620188 -0.4832894165
0.3566636281 0.1284051360 -0.4832894165
0.3371831912 0.1318971324 -0.4832894165
0.3327694837 0.1322948793 -0.4832894165
0.3079062974 0.1332103748 -0.4832894165
0.3057686611 0.1332631190 -0.4832894165
0.3025760716 0.1323675475 -0.4832894165
0.2834359076 0.1273952174 -0.4832894165
0.2683029317 0.1184743728 -0.4832894165
0.2674605840 0.1179846182 -0.4832894165
0.2661965241 0.1171568768 -0.4832894165
0.2507886140 0.1075072717 -0.4832894165
0.2455558478 0.1012537535 -0.4832894165
0.2370412869 0.0921945508 -0.4832894165
0.2299106804 0.0816910754 -0.4832894165
0.2237778310 0.0734008828 -0.4832894165
0.2130996775 0.0553605797 -0.4832894165
0.2120821815 0.0536673804 -0.4832894165
0.2113334238 0.0486221451 -0.4832894165
0.2075745298 0.0328004901 -0.4832894165
0.2072576767 0.0284019069 -0.4832894165
0.2061440256 0.0087272349 -0.4832894165
0.2056454138 0.0012378218 -0.4832894165
0.2052395456 -0.0220206450 -0.4832894165
0.2054220961 -0.0244433964 -0.4832894165
0.2069767583 -0.0281620290 -0.4832894165
0.2140798196 -0.0461159990 -0.4832894165
0.2185383841 -0.0565521779 -0.4832894165
0.2246927730 -0.0715993270 -0.4832894165
0.2286157385 -0.0804793444 -0.4832894165
0.2404237200 -0.0945482996 -0.4832894165
0.2432429474 -0.0978860672 -0.4832894165
0.2454357489 -0.0998811214 -0.4832894165
0.2610341780 -0.1131966535 -0.4832894165
0.2764456009 -0.1243468255 -0.4832894165
0.2797930187 -0.1268879750 -0.4832894165
0.2838995870 -0.1280904760 -0.4832894165
0.3021996522 -0.1332598372 -0.4832894165
0.3239134677 -0.1350980253 -0.4832894165
0.3247191573 -0.1351474032 -0.4832894165
0.3254343470 -0.1351382442 -0.4832894165
0.3468210621 -0.1351249443 -0.4832894165
0.3642079733 -0.1269647070 -0.4832894165
0.3679572404 -0.1252303906 -0.4832894165
0.3757440126 -0.1206098635 -0.4832894165
0.3850208365 -0.1149528457 -0.4832894165
0.3936887051 -0.1084592300 -0.4832894165
0.4022735381 -0.1019331064 -0.4832894165
0.4048073569 -0.0987164808 -0.4832894165
0.4159679369 -0.0800633145 -0.4832894165
0.4183475176 -0.0744750428 -0.4832894165
0.4227537073 -0.0638372065 -0.4832894165
0.4276243229 -0.0520054615 -0.4832894165
0.4296764086 -0.0442549868 -0.4832894165
0.4329204752 -0.0318312049 -0.4832894165
0.4335449697 -0.0181878984 -0.4832894165
0.4334863713 -0.0053875161 -0.4832894165
0.4336508438 0.0050948305 -0.4832894165
-0.2185209485 0.0569371250 -0.4832894165
-0.2235720264 0.0654155981 -0.4832894165
-0.2297375391 0.0777422309 -0.4832894165
-0.2397847310 0.0885917011 -0.4832894165
-0.2458980123 0.0958460801 -0.4832894165
-0.2497562204 0.0997444978 -0.4832894165
-0.2634126593 0.1137478719 -0.4832894165
-0.2737185615 0.1190923011 -0.4832894165
-0.2826058802 0.1235629691 -0.4832894165
-0.3017571893 0.1308243827 -0.4832894165
-0.3030967297 0.1313831723 -0.4832894165
-0.3035861145 0.1315280502 -0.4832894165
-0.3098555630 0.1329036101 -0.4832894165
-0.3287159052 0.1373076386 -0.4832894165
-0.3305831855 0.1371239310 -0.4832894165
-0.3519561696 0.1313078013 -0.4832894165
-0.3553781847 0.1300955366 -0.4832894165
-0.3740148307 0.1236449437 -0.4832894165
-0.3790212933 0.1203266375 -0.4832894165
-0.3906031280 0.1121927080 -0.4832894165
-0.3964359423 0.1054786199 -0.4832894165
-0.4056451053 0.0948345173 -0.4832894165
-0.4149696774 0.0823689473 -0.4832894165
-0.4191900748 0.0765469586 -0.4832894165
-0.4268231766 0.0585757786 -0.4832894165
-0.4277834858 0.0563533429 -0.4832894165
-0.4281154466 0.0552765538 -0.4832894165
-0.4340134840 0.0325505669 -0.4832894165
-0.4355990465 0.0148135338 -0.4832894165
-0.4362089302 0.0087908640 -0.4832894165
-0.4361127616 0.0065548305 -0.4832894165
-0.4349284882 -0.0181458649 -0.4832894165
-0.4348833518 -0.0185294906 -0.4832894165
-0.4330859559 -0.0285316113 -0.4832894165
-0.4303254382 -0.0439773584 -0.4832894165
-0.4301320488 -0.0444940442 -0.4832894165
-0.4290031896 -0.0469356510 -0.4832894165
-0.4198676160 -0.0667617544 -0.4832894165
-0.4174259101 -0.0705859553 -0.4832894165
-0.4083387907 -0.0857200944 -0.4832894165
-0.4015650515 -0.0934424273 -0.4832894165
-0.3902887492 -0.1044312370 -0.4832894165
-0.3825409298 -0.1108634642 -0.4832894165
-0.3707310740 -0.1201902875 -0.4832894165
-0.3608394528 -0.1263733507 -0.4832894165
-0.3501771973 -0.1309011354 -0.4832894165
-0.3310091497 -0.1330618796 -0.4832894165
-0.3279468006 -0.1333428605 -0.4832894165
-0.3248592502 -0.1334644826 -0.4832894165
-0.3059117290 -0.1345203473 -0.4832894165
-0.2859603889 -0.1270572036 -0.4832894165
-0.2843096852 -0.1266433138 -0.4832894165
-0.2835779329 -0.1262786530 -0.4832894165
-0.2788025449 -0.1235714739 -0.4832894165
-0.2625490289 -0.1148962387 -0.4832894165
-0.2586033616 -0.1120330602 -0.4832894165
-0.2438556877 -0.1008392251 -0.4832894165
-0.2356254779 -0.0891703976 -0.4832894165
-0.2310531800 -0.0830696181 -0.4832894165
-0.2201529372 -0.0660899701 -0.4832894165
-0.2186110896 -0.0632501040 -0.4832894165
-0.2095071459 -0.0410567880 -0.4832894165
-0.2093284353 -0.0403774599 -0.4832894165
-0.2086391958 -0.0370753867 -0.4832894165
-0.2046833905 -0.0184713622 -0.4832894165
-0.2040828045 -0.0151988124 -0.4832894165
-0.2041030600 0.0035561187 -0.4832894165
-0.2050997216 0.0147409746 -0.4832894165
-0.2068208616 0.0234063648 -0.4832894165
-0.2101807580 0.0363458730 -0.4832894165
-0.2163270934 0.0510563209 -0.4832894165
0.2422250479 0.1239638017 -0.6063107465
0.2299629625 0.1180300932 -0.6063107465
0.2199467627 0.1135735875 -0.6063107465
0.2111208972 0.1092105709 -0.6063107465
0.2005968609 0.1013944225 -0.6063107465
0.1893454610 0.0894983718 -0.6063107465
0.1846103226 0.0837805845 -0.6063107465
0.1777046509 0.0759403012 -0.6063107465
0.1693661263 0.0668151221 -0.6063107465
0.1611308563 0.0573560905 -0.6063107465
0.1567320614 0.0495565792 -0.6063107465
0.1515224443 0.0353485059 -0.6063107465
0.1502437832 0.0176861592 -0.6063107465
0.1499144373 0.0132175597 -0.6063107465
0.1489534217 0.0007242185 -0.6063107465
0.1473612054 -0.0102603241 -0.6063107465
0.1486469604 -0.0144374154 -0.6063107465
0.1551436816 -0.0351383299 -0.6063107465
0.1589835556 -0.0429097264 -0.6063107465
0.1652957434 -0.0573716861 -0.6063107465
0.1759410542 -0.0756757491 -0.6063107465
0.1764199526 -0.0767714069 -0.6063107465
0.1777045235 -0.0780269301 -0.6063107465
0.1920187755 -0.0916170962 -0.6063107465
0.1979480451 -0.0956737211 -0.6063107465
0.2144368722 -0.1100737723 -0.6063107465
0.2146526868 -0.1102705472 -0.6063107465
0.2147442994 -0.1103485395 -0.6063107465
0.2350493260 -0.1243000733 -0.6063107465
0.2420000624 -0.1273853431 -0.6063107465
0.2569292629 -0.1304011853 -0.6063107465
0.2737491498 -0.1336084663 -0.6063107465
0.2740963499 -0.1336631006 -0.6063107465
0.2959068849 -0.1371779364 -0.6063107465
0.2962060304 -0.1371253507 -0.6063107465
0.3198368844 -0.1335862785 -0.6063107465
0.3211806852 -0.1330617907 -0.6063107465
0.3327381904 -0.1277749620 -0.6063107465
0.3446810348 -0.1223400388 -0.6063107465
0.3460321238 -0.1216908472 -0.6063107465
0.3510828853 -0.1189489153 -0.6063107465
0.3663929362 -0.1101233989 -0.6063107465
0.3770839533 -0.0992921932 -0.6063107465
0.3823865586 -0.0940819037 -0.6063107465
0.3837183427 -0.0925736731 -0.6063107465
0.3883918139 -0.0865761441 -0.6063107465
0.3980035055 -0.0741740540 -0.6063107465
0.4015328189 -0.0681692793 -0.6063107465
0.4106954657 -0.0531850262 -0.6063107465
0.4153428367 -0.0302851485 -0.6063107465
0.4154761201 -0.0293451693 -0.6063107465
0.4155287152 -0.0288825386 -0.6063107465
0.4158315898 -0.0247180361 -0.6063107465
0.4172459677 -0.0051882283 -0.6063107465
0.4168288018 0.0003339997 -0.6063107465
0.4157299976 0.0162916851 -0.6063107465
0.4137158173 0.0259963837 -0.6063107465
0.4112703490 0.0381434334 -0.6063107465
0.4080704174 0.0496452579 -0.6063107465
0.4040538988 0.0601104857 -0.6063107465
0.3971618609 0.0721172795 -0.6063107465
0.3923292983 0.0802666002 -0.6063107465
0.3870767677 0.0878623478 -0.6063107465
0.3794473365 0.0976093008 -0.6063107465
0.3646464646 0.1092735176 -0.6063107465
0.3622348492 0.1111995566 -0.6063107465
0.3599401167 0.1126995576 -0.6063107465
0.3420537581 0.1243740433 -0.6063107465
0.3277509749 0.1294236007 -0.6063107465
0.3183685931 0.1329976785 -0.6063107465
0.2966915660 0.1344579260 -0.6063107465
0.2929540070 0.1346554383 -0.6063107465
0.2913558153 0.1346141228 -0.6063107465
0.2681324178 0.1341162691 -0.6063107465
0.2586351020 0.1298870114 -0.6063107465
-0.1706315139 -0.0695234850 -0.6063107465
-0.1665036578 -0.0633836694 -0.6063107465
-0.1583474369 -0.0486663075 -0.6063107465
-0.1513549652 -0.0363403269 -0.6063107465
-0.1481391271 -0.0203993900 -0.6063107465
-0.1462214379 -0.0131352082 -0.6063107465
-0.1463851623 -0.0072317297 -0.6063107465
-0.1466233002 0.0122162172 -0.6063107465
-0.1471385507 0.0199944449 -0.6063107465
-0.1532205635 0.0407917021 -0.6063107465
-0.1542940183 0.0431421031 -0.6063107465
-0.1564102163 0.0467431089 -0.6063107465
-0.1650115809 0.0642208918 -0.6063107465
-0.1812688383 0.0818743086 -0.6063107465
-0.1814714689 0.0821549284 -0.6063107465
-0.1832048301 0.0840567995 -0.6063107465
-0.1997553666 0.1026576024 -0.6063107465
-0.2014441321 0.1036557792 -0.6063107465
-0.2034670380 0.1046855902 -0.6063107465
-0.2232834483 0.1166505335 -0.6063107465
-0.2317760471 0.1208111191 -0.6063107465
-0.2442545611 0.1271654042 -0.6063107465
-0.2561999939 0.1300429762 -0.6063107465
-0.2682416657 0.1338623921 -0.6063107465
-0.2820581535 0.1343652052 -0.6063107465
-0.2961847913 0.1346941699 -0.6063107465
-0.3093184436 0.1340234793 -0.6063107465
-0.3226413259 0.1325339092 -0.6063107465
-0.3359541044 0.1270055635 -0.6063107465
-0.3477380704 0.1214060011 -0.6063107465
-0.3568157459 0.1159616845 -0.6063107465
-0.3684901469 0.1075410642 -0.6063107465
-0.3810288063 0.0956729055 -0.6063107465
-0.3864018969 0.0906163154 -0.6063107465
-0.3937330788 0.0794246056 -0.6063107465
-0.3986540609 0.0717435747 -0.6063107465
-0.4021113687 0.0657887862 -0.6063107465
-0.4091782656 0.0521175805 -0.6063107465
-0.4143953465 0.0360888397 -0.6063107465
-0.4159503850 0.0305144880 -0.6063107465
-0.4160436655 0.0273573212 -0.6063107465
-0.4175737708 0.0078288932 -0.6063107465
-0.4176955800 0.0008676676 -0.6063107465
-0.4172235556 -0.0176596026 -0.6063107465
-0.4164288585 -0.0243171375 -0.6063107465
-0.4117024248 -0.0395050425 -0.6063107465
-0.4056515486 -0.0551139451 -0.6063107465
-0.4053174287 -0.0559662216 -0.6063107465
-0.4041123158 -0.0582997174 -0.6063107465
-0.3951622377 -0.0755425384 -0.6063107465
-0.3921357166 -0.0811423543 -0.6063107465
-0.3809537541 -0.0942928298 -0.6063107465
-0.3730677331 -0.1029915177 -0.6063107465
-0.3618943097 -0.1132181152 -0.6063107465
-0.3513439543 -0.1197864152 -0.6063107465
-0.3382498877 -0.1256305644 -0.6063107465
-0.3263709804 -0.1307717224 -0.6063107465
-0.3133524157 -0.1342910081 -0.6063107465
-0.3002054449 -0.1359315353 -0.6063107465
-0.2930220246 -0.1371211087 -0.6063107465
-0.2742311728 -0.1358333916 -0.6063107465
-0.2708020145 -0.1357106043 -0.6063107465
-0.2616932238 -0.1339054393 -0.6063107465
-0.2492792530 -0.1305819674 -0.6063107465
-0.2272198518 -0.1199608904 -0.6063107465
-0.2269522133 -0.1198333211 -0.6063107465
-0.2269032221 -0.1198147954 -0.6063107465
-0.2268172205 -0.1197584849 -0.6063107465
-0.2068438998 -0.1066794769 -0.6063107465
-0.1908259344 -0.0934335430 -0.6063107465
-0.1871756868 -0.0894414340 -0.6063107465
-0.1815410518 -0.0821061036 -0.6063107465
0.3306062057 0.0681988443 -0.7293320766
0.3165216283 0.0845745462 -0.7293320766
0.3092517281 0.0906199447 -0.7293320766
0.2940310449 0.1051057512 -0.7293320766
0.2936617248 0.1053985511 -0.7293320766
0.2933438089 0.1055661883 -0.7293320766
0.2752768552 0.1160063453 -0.7293320766
0.2660982157 0.1180965213 -0.7293320766
0.2552198206 0.1214202725 -0.7293320766
0.2455563545 0.1236951238 -0.7293320766
0.2291460786 0.1292990478 -0.7293320766
0.2247513844 0.1305170956 -0.7293320766
0.2033397246 0.1351115590 -0.7293320766
0.2015288583 0.1350497827 -0.7293320766
0.1925170347 0.1351681689 -0.7293320766
0.1788371044 0.1351311574 -0.7293320766
0.1691979882 0.1351061334 -0.7293320766
0.1571422319 0.1341452304 -0.7293320766
0.1533498118 0.1332783030 -0.7293320766
0.1352736255 0.1315623774 -0.7293320766
0.1174046062 0.1297361108 -0.7293320766
0.1123663078 0.1289602470 -0.7293320766
0.1071217133 0.1291008891 -0.7293320766
0.0882994139 0.1253521006 -0.7293320766
0.0714221813 0.1225080207 -0.7293320766
0.0628445629 0.1211139344 -0.7293320766
0.0475715798 0.1199249244 -0.7293320766
0.0376470641 0.1190254991 -0.7293320766
0.0326775202 0.1186811964 -0.7293320766
0.0131401553 0.1170625827 -0.7293320766
0.0023925719 0.1164049250 -0.7293320766
-0.0104848738 0.1165170089 -0.7293320766
-0.0284777863 0.1177690068 -0.7293320766
-0.0317474005 0.1180157485 -0.7293320766
-0.0379211147 0.1188437682 -0.7293320766
-0.0551737237 0.1208853437 -0.7293320766
-0.0619319726 0.1217561383 -0.7293320766
-0.0777552636 0.1240503831 -0.7293320766
-0.0883421487 0.1253104026 -0.7293320766
-0.1016579971 0.1276574019 -0.7293320766
-0.1107536846 0.1281551389 -0.7293320766
-0.1237714683 0.1306387480 -0.7293320766
-0.1427231294 0.1324475753 -0.7293320766
-0.1474158418 0.1332370099 -0.7293320766
-0.1644724621 0.1334087175 -0.7293320766
-0.1721803180 0.1332611788 -0.7293320766
-0.1738676460 0.1332487379 -0.7293320766
-0.1972046658 0.1341403291 -0.7293320766
-0.2006433210 0.1338302019 -0.7293320766
-0.2055519734 0.1331818334 -0.7293320766
-0.2233972091 0.1327303912 -0.7293320766
-0.2374541126 0.1284726254 -0.7293320766
-0.2464196375 0.1268218018 -0.7293320766
-0.2547669011 0.1238747174 -0.7293320766
-0.2684694649 0.1186039663 -0.7293320766
-0.2789933219 0.1144885767 -0.7293320766
-0.2882652800 0.1091472527 -0.7293320766
-0.3049079235 0.0975294800 -0.7293320766
-0.3050881640 0.0974153280 -0.7293320766
-0.3053036980 0.0972009038 -0.7293320766
-0.3208203755 0.0814703083 -0.7293320766
-0.3304234762 0.0701912182 -0.7293320766
-0.3353947504 0.0645394168 -0.7293320766
-0.3390095281 0.0578229702 -0.7293320766
-0.3442814727 0.0452605940 -0.7293320766
-0.3473065567 0.0300978996 -0.7293320766
-0.3483354504 0.0251498062 -0.7293320766
-0.3489196800 0.0216748192 -0.7293320766
-0.3519446884 0.0036773508 -0.7293320766
-0.3519770116 -0.0101230200 -0.7293320766
-0.3514629006 -0.0162564924 -0.7293320766
-0.3457265510 -0.0366744937 -0.7293320766
-0.3449132292 -0.0390387918 -0.7293320766
-0.3373712390 -0.0587539604 -0.7293320766
-0.3357921922 -0.0623023909 -0.7293320766
-0.3229898629 -0.0781377795 -0.7293320766
-0.3123221166 -0.0903065082 -0.7293320766
-0.3065335340 -0.0965051524 -0.7293320766
-0.2995505720 -0.1016908362 -0.7293320766
-0.2861754515 -0.1119473010 -0.7293320766
-0.2790355681 -0.1168704007 -0.7293320766
-0.2609580684 -0.1227919348 -0.7293320766
-0.2528129688 -0.1258394682 -0.7293320766
-0.2336585839 -0.1310259164 -0.7293320766
-0.2261509045 -0.1323986902 -0.7293320766
-0.2074657302 -0.1345488075 -0.7293320766
-0.1996108387 -0.1357285273 -0.7293320766
-0.1827397530 -0.1355624995 -0.7293320766
-0.1735216121 -0.1369617234 -0.7293320766
-0.1589406026 -0.1348842928 -0.7293320766
-0.1436403837 -0.1355724358 -0.7293320766
-0.1343369397 -0.1334194740 -0.7293320766
-0.1237149287 -0.1308940963 -0.7293320766
-0.1110279667 -0.1286078611 -0.7293320766
-0.0930825167 -0.1256844260 -0.7293320766
-0.0875323433 -0.1248283474 -0.7293320766
-0.0744211227 -0.1228798381 -0.7293320766
-0.0649251890 -0.1212384202 -0.7293320766
-0.0605370846 -0.1207092863 -0.7293320766
-0.0421074687 -0.1187594116 -0.7293320766
-0.0253629397 -0.1177064145 -0.7293320766
-0.0185639254 -0.1180512745 -0.7293320766
-0.0006010567 -0.1191269713 -0.7293320766
0.0038222173 -0.1193353931 -0.7293320766
0.0062868556 -0.1193147393 -0.7293320766
0.0268216515 -0.1195552774 -0.7293320766
0.0476578854 -0.1228090774 -0.7293320766
0.0498892256 -0.1230806078 -0.7293320766
0.0578265608 -0.1242747012 -0.7293320766
0.0746905974 -0.1257609821 -0.7293320766
0.0774389821 -0.1257582306 -0.7293320766
0.1019308502 -0.1280399958 -0.7293320766
0.1076047319 -0.1286943031 -0.7293320766
0.1268264184 -0.1307271215 -0.7293320766
0.1393945380 -0.1320114033 -0.7293320766
0.1505670449 -0.1329970300 -0.7293320766
0.1605719554 -0.1344193200 -0.7293320766
0.1746623563 -0.1356025442 -0.7293320766
0.1898700691 -0.1375795444 -0.7293320766
0.1995094171 -0.1360083841 -0.7293320766
0.2188103927 -0.1352164822 -0.7293320766
0.2258153873 -0.1333324658 -0.7293320766
0.2439112002 -0.1280732605 -0.7293320766
0.2537391742 -0.1249737258 -0.7293320766
0.2713497771 -0.1192508903 -0.7293320766
0.2762054112 -0.1166378156 -0.7293320766
0.2906480606 -0.1075722320 -0.7293320766
0.2964743009 -0.1039508199 -0.7293320766
0.2982828408 -0.1024879227 -0.7293320766
0.3133362586 -0.0869960701 -0.7293320766
0.3186983532 -0.0814264819 -0.7293320766
0.3302606518 -0.0687372239 -0.7293320766
0.3351322786 -0.0631970317 -0.7293320766
0.3448135120 -0.0427559462 -0.7293320766
0.3451695771 -0.0419248369 -0.7293320766
0.3452231529 -0.0416443108 -0.7293320766
0.3458446353 -0.0392223294 -0.7293320766
0.3506089618 -0.0186517937 -0.7293320766
0.3513394261 -0.0153855964 -0.7293320766
0.3524904036 0.0060306009 -0.7293320766
0.3516967051 0.0094104521 -0.7293320766
0.3474301195 0.0269190891 -0.7293320766
0.3432588637 0.0382248358 -0.7293320766
0.3397415227 0.0478807946 -0.7293320766
0.3317042938 0.0667281615 -0.7293320766
0.3313896126 0.0672436077 -0.7293320766
-0.1206934324 0.0953078481 -0.8523534066
-0.1289067049 0.0913446043 -0.8523534066
-0.1405172726 0.0854605470 -0.8523534066
-0.1459867731 0.0820878331 -0.8523534066
-0.1513289447 0.0791904928 -0.8523534066
-0.1599842512 0.0731133676 -0.8523534066
-0.1732198648 0.0631590119 -0.8523534066
-0.1753692793 0.0614566203 -0.8523534066
-0.1759869663 0.0609646250 -0.8523534066
-0.1796628391 0.0566248963 -0.8523534066
-0.1885172400 0.0462385602 -0.8523534066
-0.1925671982 0.0398883222 -0.8523534066
-0.1991568011 0.0292855974 -0.8523534066
-0.2017385604 0.0251314049 -0.8523534066
-0.2116918144 0.0063819144 -0.8523534066
-0.2127736648 0.0000955176 -0.8523534066
-0.2102779358 -0.0082420643 -0.8523534066
-0.2058012863 -0.0208863105 -0.8523534066
-0.1952058236 -0.0376612893 -0.8523534066
-0.1922333023 -0.0417951861 -0.8523534066
-0.1905922397 -0.0440558391 -0.8523534066
-0.1752933153 -0.0624007864 -0.8523534066
-0.1713208453 -0.0660532170 -0.8523534066
-0.1642739977 -0.0715040498 -0.8523534066
-0.1517971928 -0.0809220856 -0.8523534066
-0.1408821528 -0.0881192543 -0.8523534066
-0.1316433997 -0.0923414999 -0.8523534066
-0.1245288994 -0.0950244829 -0.8523534066
-0.1107016180 -0.0992375676 -0.8523534066
-0.0931698765 -0.1020554512 -0.8523534066
-0.0891351513 -0.1023831252 -0.8523534066
-0.0866377287 -0.1028118858 -0.8523534066
-0.0656472093 -0.1055545254 -0.8523534066
-0.0575076798 -0.1066638799 -0.8523534066
-0.0417345891 -0.1095623933 -0.8523534066
-0.0285832379 -0.1100804979 -0.8523534066
-0.0188315335 -0.1108793005 -0.8523534066
-0.0061407514 -0.1103963277 -0.8523534066
0.0058479537 -0.1101740799 -0.8523534066
0.0176477395 -0.1099768644 -0.8523534066
0.0321928302 -0.1098844975 -0.8523534066
0.0441693263 -0.1098019525 -0.8523534066
0.0590948997 -0.1088529292 -0.8523534066
0.0707139328 -0.1073692482 -0.8523534066
0.0882815096 -0.1055042830 -0.8523534066
0.0953105319 -0.1024611968 -0.8523534066
0.1142017736 -0.0969106461 -0.8523534066
0.1181307987 -0.0946414408 -0.8523534066
0.1369142621 -0.0846383523 -0.8523534066
0.1412078689 -0.0822591729 -0.8523534066
0.1574925139 -0.0737091977 -0.8523534066
0.1737762929 -0.0653108103 -0.8523534066
0.1779586011 -0.0620407071 -0.8523534066
0.1921239294 -0.0495829024 -0.8523534066
0.1969214731 -0.0392938289 -0.8523534066
0.2005022427 -0.0292821457 -0.8523534066
0.2063526987 -0.0141325575 -0.8523534066
0.2089028577 -0.0069367195 -0.8523534066
0.2079322251 0.0046226742 -0.8523534066
0.2066097227 0.0179233052 -0.8523534066
0.2047789151 0.0217493018 -0.8523534066
0.1906624523 0.0398610032 -0.8523534066
0.1877283919 0.0436505861 -0.8523534066
0.1872844128 0.0442043531 -0.8523534066
0.1857589722 0.0459896036 -0.8523534066
0.1705886891 0.0639174877 -0.8523534066
0.1645158111 0.0689701940 -0.8523534066
0.1512434729 0.0791308247 -0.8523534066
0.1401322535 0.0851697492 -0.8523534066
0.1309750721 0.0909691295 -0.8523534066
0.1184355263 0.0945274828 -0.8523534066
0.0972123487 0.1016524745 -0.8523534066
0.0965707640 0.1017905909 -0.8523534066
0.0958177641 0.1019001088 -0.8523534066
0.0736608314 0.1042699013 -0.8523534066
0.0547298657 0.1066382321 -0.8523534066
0.0493278627 0.1072567095 -0.8523534066
0.0397688640 0.1083505820 -0.8523534066
0.0245478376 0.1099601643 -0.8523534066
0.0181507622 0.1106398901 -0.8523534066
0.0009267043 0.1113450081 -0.8523534066
-0.0147466029 0.1119223129 -0.8523534066
-0.0205511220 0.1115613326 -0.8523534066
-0.0296561533 0.1113194978 -0.8523534066
-0.0409034037 0.1102217846 -0.8523534066
-0.0526903461 0.1083757184 -0.8523534066
-0.0603149779 0.1067588452 -0.8523534066
-0.0642933145 0.1059629923 -0.8523534066
-0.0818686329 0.1024006949 -0.8523534066
-0.0944177426 0.1002126727 -0.8523534066
-0.1062520586 0.0980927731 -0.8523534066
0 1 0 255 0
1 2 0 255 0
2 3 0 255 0
3 4 0 255 0
4 5 0 255 0
5 6 0 255 0
6 7 0 255 0
7 8 0 255 0
8 9 0 255 0
9 10 0 255 0
10 11 0 255 0
11 12 0 255 0
12 13 0 255 0
13 14 0 255 0
14 15 0 255 0
15 16 0 255 0
16 17 0 255 0
17 18 0 255 0
18 19 0 255 0
19 20 0 255 0
20 21 0 255 0
21 22 0 255 0
22 23 0 255 0
23 24 0 255 0
24 25 0 255 0
25 26 0 255 0
26 27 0 255 0
27 28 0 255 0
28 29 0 255 0
29 30 0 255 0
30 31 0 255 0
31 32 0 255 0
32 33 0 255 0
33 34 0 255 0
34 35 0 255 0
35 36 0 255 0
36 37 0 255 0
37 38 0 255 0
38 39 0 255 0
39 40 0 255 0
40 41 0 255 0
41 42 0 255 0
42 43 0 255 0
43 44 0 255 0
44 45 0 255 0
45 46 0 255 0
46 47 0 255 0
47 48 0 255 0
48 49 0 255 0
49 50 0 255 0
50 51 0 255 0
51 52 0 255 0
52 53 0 255 0
53 54 0 255 0
54 55 0 255 0
55 56 0 255 0
56 57 0 255 0
57 58 0 255 0
58 59 0 255 0
59 60 0 255 0
60 61 0 255 0
61 62 0 255 0
62 63 0 255 0
63 64 0 255 0
64 65 0 255 0
65 66 0 255 0
66 67 0 255 0
67 68 0 255 0
68 69 0 255 0
69 70 0 255 0
70 71 0 255 0
71 72 0 255 0
72 73 0 255 0
73 74 0 255 0
74 75 0 255 0
75 76 0 255 0
76 77 0 255 0
77 0 0 255 0
78 79 0 255 0
79 80 0 255 0
80 81 0 255 0
81 82 0 255 0
82 83 0 255 0
83 84 0 255 0
84 85 0 255 0
85 86 0 255 0
86 87 0 255 0
87 88 0 255 0
88 89 0 255 0
89 90 0 255 0
90 91 0 255 0
91 92 0 255 0
92 93 0 255 0
93 94 0 255 0
94 95 0 255 0
95 96 0 255 0
96 97 0 255 0
97 98 0 255 0
98 99 0 255 0
99 100 0 255 0
100 101 0 255 0
101 102 0 255 0
102 103 0 255 0
103 104 0 255 0
104 105 0 255 0
105 106 0 255 0
106 107 0 255 0
107 108 0 255 0
108 109 0 255 0
109 110 0 255 0
110 111 0 255 0
111 112 0 255 0
112 113 0 255 0
113 114 0 255 0
114 115 0 255 0
115 116 0 255 0
116 117 0 255 0
117 118 0 255 0
118 119 0 255 0
119 120 0 255 0
120 121 0 255 0
121 122 0 255 0
122 123 0 255 0
123 124 0 255 0
124 125 0 255 0
125 126 0 255 0
126 127 0 255 0
127 128 0 255 0
128 129 0 255 0
129 130 0 255 0
130 131 0 255 0
131 132 0 255 0
132 133 0 255 0
133 134 0 255 0
134 135 0 255 0
135 136 0 255 0
136 137 0 255 0
137 138 0 255 0
138 139 0 255 0
139 140 0 255 0
140 141 0 255 0
141 142 0 255 0
142 143 0 255 0
143 144 0 255 0
144 145 0 255 0
145 146 0 255 0
146 147 0 255 0
147 148 0 255 0
148 149 0 255 0
149 150 0 255 0
150 151 0 255 0
151 152 0 255 0
152 153 0 255 0
153 154 0 255 0
154 155 0 255 0
155 156 0 255 0
156 157 0 255 0
157 158 0 255 0
158 159 0 255 0
159 160 0 255 0
160 161 0 255 0
161 162 0 255 0
162 163 0 255 0
163 164 0 255 0
164 165 0 255 0
165 166 0 255 0
166 167 0 255 0
167 168 0 255 0
168 169 0 255 0
169 170 0 255 0
170 171 0 255 0
171 172 0 255 0
172 173 0 255 0
173 174 0 255 0
174 175 0 255 0
175 176 0 255 0
176 177 0 255 0
177 178 0 255 0
178 179 0 255 0
179 180 0 255 0
180 181 0 255 0
181 182 0 255 0
182 183 0 255 0
183 184 0 255 0
184 185 0 255 0
185 186 0 255 0
186 187 0 255 0
187 188 0 255 0
188 189 0 255 0
189 190 0 255 0
190 191 0 255 0
191 192 0 255 0
192 193 0 255 0
193 194 0 255 0
194 195 0 255 0
195 196 0 255 0
196 197 0 255 0
197 198 0 255 0
198 199 0 255 0
199 200 0 255 0
200 201 0 255 0
201 202 0 255 0
202 203 0 255 0
203 204 0 255 0
204 205 0 255 0
205 206 0 255 0
206 207 0 255 0
207 208 0 255 0
208 209 0 255 0
209 210 0 255 0
210 211 0 255 0
211 212 0 255 0
212 213 0 255 0
213 214 0 255 0
214 215 0 255 0
215 216 0 255 0
216 217 0 255 0
217 218 0 255 0
218 219 0 255 0
219 220 0 255 0
220 221 0 255 0
221 222 0 255 0
222 223 0 255 0
223 78 0 255 0
224 225 0 255 0
225 226 0 255 0
226 227 0 255 0
227 228 0 255 0
228 229 0 255 0
229 230 0 255 0
230 231 0 255 0
231 232 0 255 0
232 233 0 255 0
233 234 0 255 0
234 235 0 255 0
235 236 0 255 0
236 237 0 255 0
237 238 0 255 0
238 239 0 255 0
239 240 0 255 0
240 241 0 255 0
241 242 0 255 0
242 243 0 255 0
243 244 0 255 0
244 245 0 255 0
245 246 0 255 0
246 247 0 255 0
247 248 0 255 0
248 249 0 255 0
249 250 0 255 0
250 251 0 255 0
251 252 0 255 0
252 253 0 255 0
253 254 0 255 0
254 255 0 255 0
255 256 0 255 0
256 257 0 255 0
257 258 0 255 0
258 259 0 255 0
259 260 0 255 0
260 261 0 255 0
261 262 0 255 0
262 263 0 255 0
263 264 0 255 0
264 265 0 255 0
265 266 0 255 0
266 267 0 255 0
267 268 0 255 0
268 269 0 255 0
269 270 0 255 0
270 271 0 255 0
271 272 0 255 0
272 273 0 255 0
273 274 0 255 0
274 275 0 255 0
275 276 0 255 0
276 277 0 255 0
277 278 0 255 0
278 279 0 255 0
279 280 0 255 0
280 281 0 255 0
281 282 0 255 0
282 283 0 255 0
283 284 0 255 0
284 285 0 255 0
285 286 0 255 0
286 287 0 255 0
287 288 0 255 0
288 289 0 255 0
289 290 0 255 0
290 291 0 255 0
291 292 0 255 0
292 293 0 255 0
293 294 0 255 0
294 295 0 255 0
295 296 0 255 0
296 297 0 255 0
297 224 0 255 0
298 299 0 255 0
299 300 0 255 0
300 301 0 255 0
301 302 0 255 0
302 303 0 255 0
303 304 0 255 0
304 305 0 255 0
305 306 0 255 0
306 307 0 255 0
307 308 0 255 0
308 309 0 255 0
309 310 0 255 0
310 311 0 255 0
311 312 0 255 0
312 313 0 255 0
313 314 0 255 0
314 315 0 255 0
315 316 0 255 0
316 317 0 255 0
317 318 0 255 0
318 319 0 255 0
319 320 0 255 0
320 321 0 255 0
321 322 0 255 0
322 323 0 255 0
323 324 0 255 0
324 325 0 255 0
325 326 0 255 0
326 327 0 255 0
327 328 0 255 0
328 329 0 255 0
329 330 0 255 0
330 331 0 255 0
331 332 0 255 0
332 333 0 255 0
333 334 0 255 0
334 335 0 255 0
335 336 0 255 0
336 337 0 255 0
337 338 0 255 0
338 339 0 255 0
339 340 0 255 0
340 341 0 255 0
341 342 0 255 0
342 343 0 255 0
343 344 0 255 0
344 345 0 255 0
345 346 0 255 0
346 347 0 255 0
347 348 0 255 0
348 349 0 255 0
349 350 0 255 0
350 351 0 255 0
351 352 0 255 0
352 353 0 255 0
353 354 0 255 0
354 355 0 255 0
355 356 0 255 0
356 357 0 255 0
357 358 0 255 0
358 359 0 255 0
359 360 0 255 0
360 361 0 255 0
361 362 0 255 0
362 363 0 255 0
363 364 0 255 0
364 365 0 255 0
365 366 0 255 0
366 367 0 255 0
367 368 0 255 0
368 298 0 255 0
369 370 0 255 0
370 371 0 255 0
371 372 0 255 0
372 373 0 255 0
373 374 0 255 0
374 375 0 255 0
375 376 0 255 0
376 377 0 255 0
377 378 0 255 0
378 379 0 255 0
379 380 0 255 0
380 381 0 255 0
381 382 0 255 0
382 383 0 255 0
383 384 0 255 0
384 385 0 255 0
385 386 0 255 0
386 387 0 255 0
387 388 0 255 0
388 389 0 255 0
389 390 0 255 0
390 391 0 255 0
391 392 0 255 0
392 393 0 255 0
393 394 0 255 0
394 395 0 255 0
395 396 0 255 0
396 397 0 255 0
397 398 0 255 0
398 399 0 255 0
399 400 0 255 0
400 401 0 255 0
401 402 0 255 0
402 403 0 255 0
403 404 0 255 0
404 405 0 255 0
405 406 0 255 0
406 407 0 255 0
407 408 0 255 0
408 409 0 255 0
409 410 0 255 0
410 411 0 255 0
411 412 0 255 0
412 413 0 255 0
413 414 0 255 0
414 415 0 255 0
415 416 0 255 0
416 417 0 255 0
417 418 0 255 0
418 419 0 255 0
419 420 0 255 0
420 421 0 255 0
421 422 0 255 0
422 423 0 255 0
423 424 0 255 0
424 425 0 255 0
425 426 0 255 0
426 427 0 255 0
427 428 0 255 0
428 429 0 255 0
429 430 0 255 0
430 431 0 255 0
431 432 0 255 0
432 369 0 255 0
433 434 0 255 0
434 435 0 255 0
435 436 0 255 0
436 437 0 255 0
437 438 0 255 0
438 439 0 255 0
439 440 0 255 0
440 441 0 255 0
441 442 0 255 0
442 443 0 255 0
443 444 0 255 0
444 445 0 255 0
445 446 0 255 0
446 447 0 255 0
447 448 0 255 0
448 449 0 255 0
449 450 0 255 0
450 451 0 255 0
451 452 0 255 0
452 453 0 255 0
453 454 0 255 0
454 455 0 255 0
455 456 0 255 0
456 457 0 255 0
457 458 0 255 0
458 459 0 255 0
459 460 0 255 0
460 461 0 255 0
461 462 0 255 0
462 463 0 255 0
463 464 0 255 0
464 465 0 255 0
465 466 0 255 0
466 467 0 255 0
467 468 0 255 0
468 469 0 255 0
469 470 0 255 0
470 471 0 255 0
471 472 0 255 0
472 473 0 255 0
473 474 0 255 0
474 475 0 255 0
475 476 0 255 0
476 477 0 255 0
477 478 0 255 0
478 479 0 255 0
479 480 0 255 0
480 481 0 255 0
481 482 0 255 0
482 483 0 255 0
483 484 0 255 0
484 485 0 255 0
485 486 0 255 0
486 487 0 255 0
487 488 0 255 0
488 489 0 255 0
489 490 0 255 0
490 491 0 255 0
491 492 0 255 0
492 493 0 255 0
493 494 0 255 0
494 495 0 255 0
495 496 0 255 0
496 497 0 255 0
497 498 0 255 0
498 499 0 255 0
499 433 0 255 0
500 501 0 255 0
501 502 0 255 0
502 503 0 255 0
503 504 0 255 0
504 505 0 255 0
505 506 0 255 0
506 507 0 255 0
507 508 0 255 0
508 509 0 255 0
509 510 0 255 0
510 511 0 255 0
511 512 0 255 0
512 513 0 255 0
513 514 0 255 0
514 515 0 255 0
515 516 0 255 0
516 517 0 255 0
517 518 0 255 0
518 519 0 255 0
519 520 0 255 0
520 521 0 255 0
521 522 0 255 0
522 523 0 255 0
523 524 0 255 0
524 525 0 255 0
525 526 0 255 0
526 527 0 255 0
527 528 0 255 0
528 529 0 255 0
529 530 0 255 0
530 531 0 255 0
531 532 0 255 0
532 533 0 255 0
533 534 0 255 0
534 535 0 255 0
535 536 0 255 0
536 537 0 255 0
537 538 0 255 0
538 539 0 255 0
539 540 0 255 0
540 541 0 255 0
541 542 0 255 0
542 543 0 255 0
543 544 0 255 0
544 545 0 255 0
545 546 0 255 0
546 547 0 255 0
547 548 0 255 0
548 549 0 255 0
549 550 0 255 0
550 551 0 255 0
551 552 0 255 0
552 553 0 255 0
553 554 0 255 0
554 555 0 255 0
555 556 0 255 0
556 557 0 255 0
557 558 0 255 0
558 559 0 255 0
559 560 0 255 0
560 561 0 255 0
561 562 0 255 0
562 563 0 255 0
563 564 0 255 0
564 565 0 255 0
565 500 0 255 0
566 567 0 255 0
567 568 0 255 0
568 569 0 255 0
569 570 0 255 0
570 571 0 255 0
571 572 0 255 0
572 573 0 255 0
573 574 0 255 0
574 575 0 255 0
575 576 0 255 0
576 577 0 255 0
577 578 0 255 0
578 579 0 255 0
579 580 0 255 0
580 581 0 255 0
581 582 0 255 0
582 583 0 255 0
583 584 0 255 0
584 585 0 255 0
585 586 0 255 0
586 587 0 255 0
587 588 0 255 0
588 589 0 255 0
589 590 0 255 0
590 591 0 255 0
591 592 0 255 0
592 593 0 255 0
593 594 0 255 0
594 595 0 255 0
595 596 0 255 0
596 597 0 255 0
597 598 0 255 0
598 599 0 255 0
599 600 0 255 0
600 601 0 255 0
601 602 0 255 0
602 603 0 255 0
603 604 0 255 0
604 605 0 255 0
605 606 0 255 0
606 607 0 255 0
607 608 0 255 0
608 609 0 255 0
609 610 0 255 0
610 611 0 255 0
611 612 0 255 0
612 613 0 255 0
613 614 0 255 0
614 615 0 255 0
615 616 0 255 0
616 617 0 255 0
617 618 0 255 0
618 619 0 255 0
619 620 0 255 0
620 621 0 255 0
621 622 0 255 0
622 623 0 255 0
623 624 0 255 0
624 625 0 255 0
625 626 0 255 0
626 627 0 255 0
627 628 0 255 0
628 629 0 255 0
629 630 0 255 0
630 631 0 255 0
631 632 0 255 0
632 566 0 255 0
633 634 0 255 0
634 635 0 255 0
635 636 0 255 0
636 637 0 255 0
637 638 0 255 0
638 639 0 255 0
639 640 0 255 0
640 641 0 255 0
641 642 0 255 0
642 643 0 255 0
643 644 0 255 0
644 645 0 255 0
645 646 0 255 0
646 647 0 255 0
647 648 0 255 0
648 649 0 255 0
649 650 0 255 0
650 651 0 255 0
651 652 0 255 0
652 653 0 255 0
653 654 0 255 0
654 655 0 255 0
655 656 0 255 0
656 657 0 255 0
657 658 0 255 0
658 659 0 255 0
659 660 0 255 0
660 661 0 255 0
661 662 0 255 0
662 663 0 255 0
663 664 0 255 0
664 665 0 255 0
665 666 0 255 0
666 667 0 255 0
667 668 0 255 0
668 669 0 255 0
669 670 0 255 0
670 671 0 255 0
671 672 0 255 0
672 673 0 255 0
673 674 0 255 0
674 675 0 255 0
675 676 0 255 0
676 677 0 255 0
677 678 0 255 0
678 679 0 255 0
679 680 0 255 0
680 681 0 255 0
681 682 0 255 0
682 683 0 255 0
683 684 0 255 0
684 685 0 255 0
685 686 0 255 0
686 687 0 255 0
687 688 0 255 0
688 689 0 255 0
689 690 0 255 0
690 691 0 255 0
691 692 0 255 0
692 693 0 255 0
693 694 0 255 0
694 695 0 255 0
695 696 0 255 0
696 697 0 255 0
697 698 0 255 0
698 699 0 255 0
699 700 0 255 0
700 701 0 255 0
701 702 0 255 0
702 703 0 255 0
703 704 0 255 0
704 705 0 255 0
705 706 0 255 0
706 707 0 255 0
707 708 0 255 0
708 709 0 255 0
709 710 0 255 0
710 711 0 255 0
711 712 0 255 0
712 713 0 255 0
713 714 0 255 0
714 715 0 255 0
715 716 0 255 0
716 717 0 255 0
717 718 0 255 0
718 719 0 255 0
719 720 0 255 0
720 721 0 255 0
721 722 0 255 0
722 723 0 255 0
723 724 0 255 0
724 725 0 255 0
725 726 0 255 0
726 727 0 255 0
727 728 0 255 0
728 729 0 255 0
729 730 0 255 0
730 731 0 255 0
731 732 0 255 0
732 733 0 255 0
733 734 0 255 0
734 735 0 255 0
735 736 0 255 0
736 737 0 255 0
737 738 0 255 0
738 739 0 255 0
739 740 0 255 0
740 741 0 255 0
741 742 0 255 0
742 743 0 255 0
743 744 0 255 0
744 745 0 255 0
745 746 0 255 0
746 747 0 255 0
747 748 0 255 0
748 749 0 255 0
749 750 0 255 0
750 751 0 255 0
751 752 0 255 0
752 753 0 255 0
753 754 0 255 0
754 755 0 255 0
755 756 0 255 0
756 757 0 255 0
757 758 0 255 0
758 759 0 255 0
759 760 0 255 0
760 761 0 255 0
761 762 0 255 0
762 763 0 255 0
763 764 0 255 0
764 765 0 255 0
765 766 0 255 0
766 767 0 255 0
767 768 0 255 0
768 769 0 255 0
769 770 0 255 0
770 771 0 255 0
771 772 0 255 0
772 773 0 255 0
773 774 0 255 0
774 775 0 255 0
775 776 0 255 0
776 777 0 255 0
777 778 0 255 0
778 779 0 255 0
779 780 0 255 0
780 781 0 255 0
781 782 0 255 0
782 783 0 255 0
783 784 0 255 0
784 785 0 255 0
785 786 0 255 0
786 787 0 255 0
787 788 0 255 0
788 789 0 255 0
789 790 0 255 0
790 791 0 255 0
791 792 0 255 0
792 793 0 255 0
793 794 0 255 0
794 795 0 255 0
795 633 0 255 0
796 797 0 255 0
797 798 0 255 0
798 799 0 255 0
799 800 0 255 0
800 801 0 255 0
801 802 0 255 0
802 803 0 255 0
803 804 0 255 0
804 805 0 255 0
805 806 0 255 0
806 807 0 255 0
807 808 0 255 0
808 809 0 255 0
809 810 0 255 0
810 811 0 255 0
811 812 0 255 0
812 813 0 255 0
813 814 0 255 0
814 815 0 255 0
815 816 0 255 0
816 817 0 255 0
817 818 0 255 0
818 819 0 255 0
819 820 0 255 0
820 821 0 255 0
821 822 0 255 0
822 823 0 255 0
823 824 0 255 0
824 825 0 255 0
825 826 0 255 0
826 827 0 255 0
827 828 0 255 0
828 829 0 255 0
829 830 0 255 0
830 831 0 255 0
831 832 0 255 0
832 833 0 255 0
833 834 0 255 0
834 835 0 255 0
835 836 0 255 0
836 837 0 255 0
837 838 0 255 0
838 839 0 255 0
839 840 0 255 0
840 841 0 255 0
841 842 0 255 0
842 843 0 255 0
843 844 0 255 0
844 845 0 255 0
845 846 0 255 0
846 847 0 255 0
847 848 0 255 0
848 849 0 255 0
849 850 0 255 0
850 851 0 255 0
851 852 0 255 0
852 853 0 255 0
853 854 0 255 0
854 855 0 255 0
855 856 0 255 0
856 857 0 255 0
857 858 0 255 0
858 859 0 255 0
859 860 0 255 0
860 861 0 255 0
861 862 0 255 0
862 863 0 255 0
863 864 0 255 0
864 865 0 255 0
865 866 0 255 0
866 867 0 255 0
867 868 0 255 0
868 869 0 255 0
869 870 0 255 0
870 871 0 255 0
871 872 0 255 0
872 873 0 255 0
873 874 0 255 0
874 875 0 255 0
875 876 0 255 0
876 877 0 255 0
877 878 0 255 0
878 879 0 255 0
879 880 0 255 0
880 881 0 255 0
881 882 0 255 0
882 883 0 255 0
883 884 0 255 0
884 885 0 255 0
885 886 0 255 0
886 887 0 255 0
887 888 0 255 0
888 889 0 255 0
889 890 0 255 0
890 891 0 255 0
891 892 0 255 0
892 893 0 255 0
893 894 0 255 0
894 895 0 255 0
895 896 0 255 0
896 897 0 255 0
897 898 0 255 0
898 899 0 255 0
899 900 0 255 0
900 901 0 255 0
901 902 0 255 0
902 903 0 255 0
903 904 0 255 0
904 905 0 255 0
905 906 0 255 0
906 907 0 255 0
907 908 0 255 0
908 909 0 255 0
909 910 0 255 0
910 911 0 255 0
911 912 0 255 0
912 913 0 255 0
913 914 0 255 0
914 915 0 255 0
915 916 0 255 0
916 917 0 255 0
917 918 0 255 0
918 919 0 255 0
919 920 0 255 0
920 921 0 255 0
921 922 0 255 0
922 923 0 255 0
923 924 0 255 0
924 925 0 255 0
925 926 0 255 0
926 927 0 255 0
927 928 0 255 0
928 929 0 255 0
929 930 0 255 0
930 931 0 255 0
931 932 0 255 0
932 933 0 255 0
933 796 0 255 0
934 935 0 255 0
935 936 0 255 0
936 937 0 255 0
937 938 0 255 0
938 939 0 255 0
939 940 0 255 0
940 941 0 255 0
941 942 0 255 0
942 943 0 255 0
943 944 0 255 0
944 945 0 255 0
945 946 0 255 0
946 947 0 255 0
947 948 0 255 0
948 949 0 255 0
949 950 0 255 0
950 951 0 255 0
951 952 0 255 0
952 953 0 255 0
953 954 0 255 0
954 955 0 255 0
955 956 0 255 0
956 957 0 255 0
957 958 0 255 0
958 959 0 255 0
959 960 0 255 0
960 961 0 255 0
961 962 0 255 0
962 963 0 255 0
963 964 0 255 0
964 965 0 255 0
965 966 0 255 0
966 967 0 255 0
967 968 0 255 0
968 969 0 255 0
969 970 0 255 0
970 971 0 255 0
971 972 0 255 0
972 973 0 255 0
973 974 0 255 0
974 975 0 255 0
975 976 0 255 0
976 977 0 255 0
977 978 0 255 0
978 979 0 255 0
979 980 0 255 0
980 981 0 255 0
981 982 0 255 0
982 983 0 255 0
983 984 0 255 0
984 985 0 255 0
985 986 0 255 0
986 987 0 255 0
987 988 0 255 0
988 989 0 255 0
989 990 0 255 0
990 991 0 255 0
991 992 0 255 0
992 993 0 255 0
993 994 0 255 0
994 995 0 255 0
995 996 0 255 0
996 997 0 255 0
997 998 0 255 0
998 999 0 255 0
999 1000 0 255 0
1000 1001 0 255 0
1001 1002 0 255 0
1002 1003 0 255 0
1003 1004 0 255 0
1004 1005 0 255 0
1005 1006 0 255 0
1006 1007 0 255 0
1007 1008 0 255 0
1008 1009 0 255 0
1009 1010 0 255 0
1010 1011 0 255 0
1011 1012 0 255 0
1012 1013 0 255 0
1013 1014 0 255 0
1014 1015 0 255 0
1015 1016 0 255 0
1016 1017 0 255 0
1017 1018 0 255 0
1018 1019 0 255 0
1019 1020 0 255 0
1020 1021 0 255 0
1021 1022 0 255 0
1022 1023 0 255 0
1023 1024 0 255 0
1024 1025 0 255 0
1025 1026 0 255 0
1026 1027 0 255 0
1027 1028 0 255 0
1028 1029 0 255 0
1029 1030 0 255 0
1030 1031 0 255 0
1031 1032 0 255 0
1032 1033 0 255 0
1033 1034 0 255 0
1034 1035 0 255 0
1035 1036 0 255 0
1036 1037 0 255 0
1037 1038 0 255 0
1038 1039 0 255 0
1039 1040 0 255 0
1040 1041 0 255 0
1041 1042 0 255 0
1042 1043 0 255 0
1043 1044 0 255 0
1044 1045 0 255 0
1045 1046 0 255 0
1046 1047 0 255 0
1047 1048 0 255 0
1048 1049 0 255 0
1049 1050 0 255 0
1050 1051 0 255 0
1051 1052 0 255 0
1052 1053 0 255 0
1053 1054 0 255 0
1054 1055 0 255 0
1055 1056 0 255 0
1056 1057 0 255 0
1057 1058 0 255 0
1058 1059 0 255 0
1059 1060 0 255 0
1060 1061 0 255 0
1061 1062 0 255 0
1062 1063 0 255 0
1063 1064 0 255 0
1064 1065 0 255 0
1065 1066 0 255 0
1066 1067 0 255 0
1067 934 0 255 0
1068 1069 0 255 0
1069 1070 0 255 0
1070 1071 0 255 0
1071 1072 0 255 0
1072 1073 0 255 0
1073 1074 0 255 0
1074 1075 0 255 0
1075 1076 0 255 0
1076 1077 0 255 0
1077 1078 0 255 0
1078 1079 0 255 0
1079 1080 0 255 0
1080 1081 0 255 0
1081 1082 0 255 0
1082 1083 0 255 0
1083 1084 0 255 0
1084 1085 0 255 0
1085 1086 0 255 0
1086 1087 0 255 0
1087 1088 0 255 0
1088 1089 0 255 0
1089 1090 0 255 0
1090 1091 0 255 0
1091 1092 0 255 0
1092 1093 0 255 0
1093 1094 0 255 0
1094 1095 0 255 0
1095 1096 0 255 0
1096 1097 0 255 0
1097 1098 0 255 0
1098 1099 0 255 0
1099 1100 0 255 0
1100 1101 0 255 0
1101 1102 0 255 0
1102 1103 0 255 0
1103 1104 0 255 0
1104 1105 0 255 0
1105 1106 0 255 0
1106 1107 0 255 0
1107 1108 0 255 0
1108 1109 0 255 0
1109 1110 0 255 0
1110 1111 0 255 0
1111 1112 0 255 0
1112 1113 0 255 0
1113 1114 0 255 0
1114 1115 0 255 0
1115 1116 0 255 0
1116 1117 0 255 0
1117 1118 0 255 0
1118 1119 0 255 0
1119 1120 0 255 0
1120 1121 0 255 0
1121 1122 0 255 0
1122 1123 0 255 0
1123 1124 0 255 0
1124 1125 0 255 0
1125 1126 0 255 0
1126 1127 0 255 0
1127 1128 0 255 0
1128 1129 0 255 0
1129 1130 0 255 0
1130 1131 0 255 0
1131 1132 0 255 0
1132 1133 0 255 0
1133 1134 0 255 0
1134 1135 0 255 0
1135 1136 0 255 0
1136 1137 0 255 0
1137 1138 0 255 0
1138 1139 0 255 0
1139 1140 0 255 0
1140 1141 0 255 0
1141 1142 0 255 0
1142 1143 0 255 0
1143 1144 0 255 0
1144 1145 0 255 0
1145 1146 0 255 0
1146 1147 0 255 0
1147 1148 0 255 0
1148 1149 0 255 0
1149 1150 0 255 0
1150 1151 0 255 0
1151 1152 0 255 0
1152 1153 0 255 0
1153 1154 0 255 0
1154 1155 0 255 0
1155 1156 0 255 0
1156 1157 0 255 0
1157 1158 0 255 0
1158 1159 0 255 0
1159 1160 0 255 0
1160 1161 0 255 0
1161 1162 0 255 0
1162 1163 0 255 0
1163 1164 0 255 0
1164 1165 0 255 0
1165 1166 0 255 0
1166 1167 0 255 0
1167 1168 0 255 0
1168 1169 0 255 0
1169 1170 0 255 0
1170 1171 0 255 0
1171 1172 0 255 0
1172 1173 0 255 0
1173 1174 0 255 0
1174 1175 0 255 0
1175 1176 0 255 0
1176 1177 0 255 0
1177 1178 0 255 0
1178 1179 0 255 0
1179 1180 0 255 0
1180 1181 0 255 0
1181 1182 0 255 0
1182 1183 0 255 0
1183 1184 0 255 0
1184 1185 0 255 0
1185 1186 0 255 0
1186 1187 0 255 0
1187 1188 0 255 0
1188 1189 0 255 0
1189 1190 0 255 0
1190 1191 0 255 0
1191 1192 0 255 0
1192 1193 0 255 0
1193 1194 0 255 0
1194 1195 0 255 0
1195 1196 0 255 0
1196 1197 0 255 0
1197 1198 0 255 0
1198 1199 0 255 0
1199 1200 0 255 0
1200 1201 0 255 0
1201 1202 0 255 0
1202 1203 0 255 0
1203 1204 0 255 0
1204 1205 0 255 0
1205 1206 0 255 0
1206 1068 0 255 0
1207 1208 0 255 0
1208 1209 0 255 0
1209 1210 0 255 0
1210 1211 0 255 0
1211 1212 0 255 0
1212 1213 0 255 0
1213 1214 0 255 0
1214 1215 0 255 0
1215 1216 0 255 0
1216 1217 0 255 0
1217 1218 0 255 0
1218 1219 0 255 0
1219 1220 0 255 0
1220 1221 0 255 0
1221 1222 0 255 0
1222 1223 0 255 0
1223 1224 0 255 0
1224 1225 0 255 0
1225 1226 0 255 0
1226 1227 0 255 0
1227 1228 0 255 0
1228 1229 0 255 0
1229 1230 0 255 0
1230 1231 0 255 0
1231 1232 0 255 0
1232 1233 0 255 0
1233 1234 0 255 0
1234 1235 0 255 0
1235 1236 0 255 0
1236 1237 0 255 0
1237 1238 0 255 0
1238 1239 0 255 0
1239 1240 0 255 0
1240 1241 0 255 0
1241 1242 0 255 0
1242 1243 0 255 0
1243 1244 0 255 0
1244 1245 0 255 0
1245 1246 0 255 0
1246 1247 0 255 0
1247 1248 0 255 0
1248 1249 0 255 0
1249 1250 0 255 0
1250 1251 0 255 0
1251 1252 0 255 0
1252 1253 0 255 0
1253 1254 0 255 0
1254 1255 0 255 0
1255 1256 0 255 0
1256 1257 0 255 0
1257 1258 0 255 0
1258 1259 0 255 0
1259 1260 0 255 0
1260 1261 0 255 0
1261 1262 0 255 0
1262 1263 0 255 0
1263 1264 0 255 0
1264 1265 0 255 0
1265 1266 0 255 0
1266 1267 0 255 0
1267 1268 0 255 0
1268 1269 0 255 0
1269 1270 0 255 0
1270 1271 0 255 0
1271 1272 0 255 0
1272 1273 0 255 0
1273 1274 0 255 0
1274 1275 0 255 0
1275 1276 0 255 0
1276 1277 0 255 0
1277 1278 0 255 0
1278 1279 0 255 0
1279 1280 0 255 0
1280 1281 0 255 0
1281 1282 0 255 0
1282 1283 0 255 0
1283 1284 0 255 0
1284 1285 0 255 0
1285 1286 0 255 0
1286 1287 0 255 0
1287 1288 0 255 0
1288 1289 0 255 0
1289 1290 0 255 0
1290 1291 0 255 0
1291 1292 0 255 0
1292 1293 0 255 0
1293 1294 0 255 0
1294 1295 0 255 0
1295 1296 0 255 0
1296 1297 0 255 0
1297 1298 0 255 0
1298 1299 0 255 0
1299 1300 0 255 0
1300 1301 0 255 0
1301 1302 0 255 0
1302 1303 0 255 0
1303 1304 0 255 0
1304 1305 0 255 0
1305 1306 0 255 0
1306 1307 0 255 0
1307 1308 0 255 0
1308 1309 0 255 0
1309 1310 0 255 0
1310 1311 0 255 0
1311 1312 0 255 0
1312 1313 0 255 0
1313 1314 0 255 0
1314 1315 0 255 0
1315 1316 0 255 0
1316 1317 0 255 0
1317 1318 0 255 0
1318 1319 0 255 0
1319 1320 0 255 0
1320 1321 0 255 0
1321 1322 0 255 0
1322 1323 0 255 0
1323 1324 0 255 0
1324 1325 0 255 0
1325 1326 0 255 0
1326 1327 0 255 0
1327 1328 0 255 0
1328 1329 0 255 0
1329 1330 0 255 0
1330 1331 0 255 0
1331 1332 0 255 0
1332 1333 0 255 0
1333 1334 0 255 0
1334 1335 0 255 0
1335 1336 0 255 0
1336 1337 0 255 0
1337 1338 0 255 0
1338 1339 0 255 0
1339 1340 0 255 0
1340 1341 0 255 0
1341 1342 0 255 0
1342 1343 0 255 0
1343 1344 0 255 0
1344 1345 0 255 0
1345 1346 0 255 0
1346 1347 0 255 0
1347 1348 0 255 0
1348 1349 0 255 0
1349 1350 0 255 0
1350 1351 0 255 0
1351 1352 0 255 0
1352 1353 0 255 0
1353 1354 0 255 0
1354 1355 0 255 0
1355 1356 0 255 0
1356 1357 0 255 0
1357 1358 0 255 0
1358 1359 0 255 0
1359 1360 0 255 0
1360 1361 0 255 0
1361 1362 0 255 0
1362 1363 0 255 0
1363 1364 0 255 0
1364 1365 0 255 0
1365 1207 0 255 0
1366 1367 0 255 0
1367 1368 0 255 0
1368 1369 0 255 0
1369 1370 0 255 0
1370 1371 0 255 0
1371 1372 0 255 0
1372 1373 0 255 0
1373 1374 0 255 0
1374 1375 0 255 0
1375 1376 0 255 0
1376 1377 0 255 0
1377 1378 0 255 0
1378 1379 0 255 0
1379 1380 0 255 0
1380 1381 0 255 0
1381 1382 0 255 0
1382 1383 0 255 0
1383 1384 0 255 0
1384 1385 0 255 0
1385 1386 0 255 0
1386 1387 0 255 0
1387 1388 0 255 0
1388 1389 0 255 0
1389 1390 0 255 0
1390 1391 0 255 0
1391 1392 0 255 0
1392 1393 0 255 0
1393 1394 0 255 0
1394 1395 0 255 0
1395 1396 0 255 0
1396 1397 0 255 0
1397 1398 0 255 0
1398 1399 0 255 0
1399 1400 0 255 0
1400 1401 0 255 0
1401 1402 0 255 0
1402 1403 0 255 0
1403 1404 0 255 0
1404 1405 0 255 0
1405 1406 0 255 0
1406 1407 0 255 0
1407 1408 0 255 0
1408 1409 0 255 0
1409 1410 0 255 0
1410 1411 0 255 0
1411 1412 0 255 0
1412 1413 0 255 0
1413 1414 0 255 0
1414 1415 0 255 0
1415 1416 0 255 0
1416 1417 0 255 0
1417 1418 0 255 0
1418 1419 0 255 0
1419 1420 0 255 0
1420 1421 0 255 0
1421 1422 0 255 0
1422 1423 0 255 0
1423 1424 0 255 0
1424 1425 0 255 0
1425 1426 0 255 0
1426 1427 0 255 0
1427 1428 0 255 0
1428 1429 0 255 0
1429 1430 0 255 0
1430 1431 0 255 0
1431 1432 0 255 0
1432 1433 0 255 0
1433 1366 0 255 0
1434 1435 0 255 0
1435 1436 0 255 0
1436 1437 0 255 0
1437 1438 0 255 0
1438 1439 0 255 0
1439 1440 0 255 0
1440 1441 0 255 0
1441 1442 0 255 0
1442 1443 0 255 0
1443 1444 0 255 0
1444 1445 0 255 0
1445 1446 0 255 0
1446 1447 0 255 0
1447 1448 0 255 0
1448 1449 0 255 0
1449 1450 0 255 0
1450 1451 0 255 0
1451 1452 0 255 0
1452 1453 0 255 0
1453 1454 0 255 0
1454 1455 0 255 0
1455 1456 0 255 0
1456 1457 0 255 0
1457 1458 0 255 0
1458 1459 0 255 0
1459 1460 0 255 0
1460 1461 0 255 0
1461 1462 0 255 0
1462 1463 0 255 0
1463 1464 0 255 0
1464 1465 0 255 0
1465 1466 0 255 0
1466 1467 0 255 0
1467 1468 0 255 0
1468 1469 0 255 0
1469 1470 0 255 0
1470 1471 0 255 0
1471 1472 0 255 0
1472 1473 0 255 0
1473 1474 0 255 0
1474 1475 0 255 0
1475 1476 0 255 0
1476 1477 0 255 0
1477 1478 0 255 0
1478 1479 0 255 0
1479 1480 0 255 0
1480 1481 0 255 0
1481 1482 0 255 0
1482 1483 0 255 0
1483 1484 0 255 0
1484 1485 0 255 0
1485 1486 0 255 0
1486 1487 0 255 0
1487 1488 0 255 0
1488 1489 0 255 0
1489 1490 0 255 0
1490 1491 0 255 0
1491 1492 0 255 0
1492 1493 0 255 0
1493 1494 0 255 0
1494 1495 0 255 0
1495 1496 0 255 0
1496 1497 0 255 0
1497 1498 0 255 0
1498 1499 0 255 0
1499 1500 0 255 0
1500 1501 0 255 0
1501 1502 0 255 0
1502 1503 0 255 0
1503 1434 0 255 0
1504 1505 0 255 0
1505 1506 0 255 0
1506 1507 0 255 0
1507 1508 0 255 0
1508 1509 0 255 0
1509 1510 0 255 0
1510 1511 0 255 0
1511 1512 0 255 0
1512 1513 0 255 0
1513 1514 0 255 0
1514 1515 0 255 0
1515 1516 0 255 0
1516 1517 0 255 0
1517 1518 0 255 0
1518 1519 0 255 0
1519 1520 0 255 0
1520 1521 0 255 0
1521 1522 0 255 0
1522 1523 0 255 0
1523 1524 0 255 0
1524 1525 0 255 0
1525 1526 0 255 0
1526 1527 0 255 0
1527 1528 0 255 0
1528 1529 0 255 0
1529 1530 0 255 0
1530 1531 0 255 0
1531 1532 0 255 0
1532 1533 0 255 0
1533 1534 0 255 0
1534 1535 0 255 0
1535 1536 0 255 0
1536 1537 0 255 0
1537 1538 0 255 0
1538 1539 0 255 0
1539 1540 0 255 0
1540 1541 0 255 0
1541 1542 0 255 0
1542 1543 0 255 0
1543 1544 0 255 0
1544 1545 0 255 0
1545 1546 0 255 0
1546 1547 0 255 0
1547 1548 0 255 0
1548 1549 0 255 0
1549 1550 0 255 0
1550 1551 0 255 0
1551 1552 0 255 0
1552 1553 0 255 0
1553 1554 0 255 0
1554 1555 0 255 0
1555 1556 0 255 0
1556 1557 0 255 0
1557 1558 0 255 0
1558 1559 0 255 0
1559 1560 0 255 0
1560 1561 0 255 0
1561 1562 0 255 0
1562 1563 0 255 0
1563 1564 0 255 0
1564 1565 0 255 0
1565 1566 0 255 0
1566 1567 0 255 0
1567 1568 0 255 0
1568 1569 0 255 0
1569 1570 0 255 0
1570 1571 0 255 0
1571 1572 0 255 0
1572 1504 0 255 0
1573 1574 0 255 0
1574 1575 0 255 0
1575 1576 0 255 0
1576 1577 0 255 0
1577 1578 0 255 0
1578 1579 0 255 0
1579 1580 0 255 0
1580 1581 0 255 0
1581 1582 0 255 0
1582 1583 0 255 0
1583 1584 0 255 0
1584 1585 0 255 0
1585 1586 0 255 0
1586 1587 0 255 0
1587 1588 0 255 0
1588 1589 0 255 0
1589 1590 0 255 0
1590 1591 0 255 0
1591 1592 0 255 0
1592 1593 0 255 0
1593 1594 0 255 0
1594 1595 0 255 0
1595 1596 0 255 0
1596 1597 0 255 0
1597 1598 0 255 0
1598 1599 0 255 0
1599 1600 0 255 0
1600 1601 0 255 0
1601 1602 0 255 0
1602 1603 0 255 0
1603 1604 0 255 0
1604 1605 0 255 0
1605 1606 0 255 0
1606 1607 0 255 0
1607 1608 0 255 0
1608 1609 0 255 0
1609 1610 0 255 0
1610 1611 0 255 0
1611 1612 0 255 0
1612 1613 0 255 0
1613 1614 0 255 0
1614 1615 0 255 0
1615 1616 0 255 0
1616 1617 0 255 0
1617 1618 0 255 0
1618 1619 0 255 0
1619 1620 0 255 0
1620 1621 0 255 0
1621 1622 0 255 0
1622 1623 0 255 0
1623 1624 0 255 0
1624 1625 0 255 0
1625 1626 0 255 0
1626 1627 0 255 0
1627 1628 0 255 0
1628 1629 0 255 0
1629 1630 0 255 0
1630 1631 0 255 0
1631 1632 0 255 0
1632 1633 0 255 0
1633 1634 0 255 0
1634 1635 0 255 0
1635 1636 0 255 0
1636 1637 0 255 0
1637 1638 0 255 0
1638 1639 0 255 0
1639 1640 0 255 0
1640 1641 0 255 0
1641 1642 0 255 0
1642 1643 0 255 0
1643 1573 0 255 0
1644 1645 0 255 0
1645 1646 0 255 0
1646 1647 0 255 0
1647 1648 0 255 0
1648 1649 0 255 0
1649 1650 0 255 0
1650 1651 0 255 0
1651 1652 0 255 0
1652 1653 0 255 0
1653 1654 0 255 0
1654 1655 0 255 0
1655 1656 0 255 0
1656 1657 0 255 0
1657 1658 0 255 0
1658 1659 0 255 0
1659 1660 0 255 0
1660 1661 0 255 0
1661 1662 0 255 0
1662 1663 0 255 0
1663 1664 0 255 0
1664 1665 0 255 0
1665 1666 0 255 0
1666 1667 0 255 0
1667 1668 0 255 0
1668 1669 0 255 0
1669 1670 0 255 0
1670 1671 0 255 0
1671 1672 0 255 0
1672 1673 0 255 0
1673 1674 0 255 0
1674 1675 0 255 0
1675 1676 0 255 0
1676 1677 0 255 0
1677 1678 0 255 0
1678 1679 0 255 0
1679 1680 0 255 0
1680 1681 0 255 0
1681 1682 0 255 0
1682 1683 0 255 0
1683 1684 0 255 0
1684 1685 0 255 0
1685 1686 0 255 0
1686 1687 0 255 0
1687 1688 0 255 0
1688 1689 0 255 0
1689 1690 0 255 0
1690 1691 0 255 0
1691 1692 0 255 0
1692 1693 0 255 0
1693 1694 0 255 0
1694 1695 0 255 0
1695 1696 0 255 0
1696 1697 0 255 0
1697 1698 0 255 0
1698 1699 0 255 0
1699 1700 0 255 0
1700 1701 0 255 0
1701 1702 0 255 0
1702 1703 0 255 0
1703 1704 0 255 0
1704 1705 0 255 0
1705 1706 0 255 0
1706 1707 0 255 0
1707 1708 0 255 0
1708 1709 0 255 0
1709 1710 0 255 0
1710 1711 0 255 0
1711 1712 0 255 0
1712 1713 0 255 0
1713 1714 0 255 0
1714 1715 0 255 0
1715 1716 0 255 0
1716 1717 0 255 0
1717 1718 0 255 0
1718 1644 0 255 0
1719 1720 0 255 0
1720 1721 0 255 0
1721 1722 0 255 0
1722 1723 0 255 0
1723 1724 0 255 0
1724 1725 0 255 0
1725 1726 0 255 0
1726 1727 0 255 0
1727 1728 0 255 0
1728 1729 0 255 0
1729 1730 0 255 0
1730 1731 0 255 0
1731 1732 0 255 0
1732 1733 0 255 0
1733 1734 0 255 0
1734 1735 0 255 0
1735 1736 0 255 0
1736 1737 0 255 0
1737 1738 0 255 0
1738 1739 0 255 0
1739 1740 0 255 0
1740 1741 0 255 0
1741 1742 0 255 0
1742 1743 0 255 0
1743 1744 0 255 0
1744 1745 0 255 0
1745 1746 0 255 0
1746 1747 0 255 0
1747 1748 0 255 0
1748 1749 0 255 0
1749 1750 0 255 0
1750 1751 0 255 0
1751 1752 0 255 0
1752 1753 0 255 0
1753 1754 0 255 0
1754 1755 0 255 0
1755 1756 0 255 0
1756 1757 0 255 0
1757 1758 0 255 0
1758 1759 0 255 0
1759 1760 0 255 0
1760 1761 0 255 0
1761 1762 0 255 0
1762 1763 0 255 0
1763 1764 0 255 0
1764 1765 0 255 0
1765 1766 0 255 0
1766 1767 0 255 0
1767 1768 0 255 0
1768 1769 0 255 0
1769 1770 0 255 0
1770 1771 0 255 0
1771 1772 0 255 0
1772 1773 0 255 0
1773 1774 0 255 0
1774 1775 0 255 0
1775 1776 0 255 0
1776 1777 0 255 0
1777 1778 0 255 0
1778 1779 0 255 0
1779 1780 0 255 0
1780 1781 0 255 0
1781 1782 0 255 0
1782 1783 0 255 0
1783 1784 0 255 0
1784 1785 0 255 0
1785 1786 0 255 0
1786 1787 0 255 0
1787 1788 0 255 0
1788 1789 0 255 0
1789 1790 0 255 0
1790 1719 0 255 0
1791 1792 0 255 0
1792 1793 0 255 0
1793 1794 0 255 0
1794 1795 0 255 0
1795 1796 0 255 0
1796 1797 0 255 0
1797 1798 0 255 0
1798 1799 0 255 0
1799 1800 0 255 0
1800 1801 0 255 0
1801 1802 0 255 0
1802 1803 0 255 0
1803 1804 0 255 0
1804 1805 0 255 0
1805 1806 0 255 0
1806 1807 0 255 0
1807 1808 0 255 0
1808 1809 0 255 0
1809 1810 0 255 0
1810 1811 0 255 0
1811 1812 0 255 0
1812 1813 0 255 0
1813 1814 0 255 0
1814 1815 0 255 0
1815 1816 0 255 0
1816 1817 0 255 0
1817 1818 0 255 0
1818 1819 0 255 0
1819 1820 0 255 0
1820 1821 0 255 0
1821 1822 0 255 0
1822 1823 0 255 0
1823 1824 0 255 0
1824 1825 0 255 0
1825 1826 0 255 0
1826 1827 0 255 0
1827 1828 0 255 0
1828 1829 0 255 0
1829 1830 0 255 0
1830 1831 0 255 0
1831 1832 0 255 0
1832 1833 0 255 0
1833 1834 0 255 0
1834 1835 0 255 0
1835 1836 0 255 0
1836 1837 0 255 0
1837 1838 0 255 0
1838 1839 0 255 0
1839 1840 0 255 0
1840 1841 0 255 0
1841 1842 0 255 0
1842 1843 0 255 0
1843 1844 0 255 0
1844 1845 0 255 0
1845 1846 0 255 0
1846 1847 0 255 0
1847 1848 0 255 0
1848 1849 0 255 0
1849 1850 0 255 0
1850 1851 0 255 0
1851 1852 0 255 0
1852 1853 0 255 0
1853 1854 0 255 0
1854 1855 0 255 0
1855 1856 0 255 0
1856 1857 0 255 0
1857 1858 0 255 0
1858 1859 0 255 0
1859 1860 0 255 0
1860 1861 0 255 0
1861 1862 0 255 0
1862 1863 0 255 0
1863 1864 0 255 0
1864 1865 0 255 0
1865 1866 0 255 0
1866 1867 0 255 0
1867 1868 0 255 0
1868 1869 0 255 0
1869 1870 0 255 0
1870 1871 0 255 0
1871 1872 0 255 0
1872 1873 0 255 0
1873 1874 0 255 0
1874 1875 0 255 0
1875 1876 0 255 0
1876 1877 0 255 0
1877 1878 0 255 0
1878 1879 0 255 0
1879 1880 0 255 0
1880 1881 0 255 0
1881 1882 0 255 0
1882 1883 0 255 0
1883 1884 0 255 0
1884 1885 0 255 0
1885 1886 0 255 0
1886 1887 0 255 0
1887 1888 0 255 0
1888 1889 0 255 0
1889 1890 0 255 0
1890 1891 0 255 0
1891 1892 0 255 0
1892 1893 0 255 0
1893 1894 0 255 0
1894 1895 0 255 0
1895 1896 0 255 0
1896 1897 0 255 0
1897 1898 0 255 0
1898 1899 0 255 0
1899 1900 0 255 0
1900 1901 0 255 0
1901 1902 0 255 0
1902 1903 0 255 0
1903 1904 0 255 0
1904 1905 0 255 0
1905 1906 0 255 0
1906 1907 0 255 0
1907 1908 0 255 0
1908 1909 0 255 0
1909 1910 0 255 0
1910 1911 0 255 0
1911 1912 0 255 0
1912 1913 0 255 0
1913 1914 0 255 0
1914 1915 0 255 0
1915 1916 0 255 0
1916 1917 0 255 0
1917 1918 0 255 0
1918 1919 0 255 0
1919 1920 0 255 0
1920 1921 0 255 0
1921 1922 0 255 0
1922 1923 0 255 0
1923 1924 0 255 0
1924 1925 0 255 0
1925 1926 0 255 0
1926 1927 0 255 0
1927 1928 0 255 0
1928 1929 0 255 0
1929 1930 0 255 0
1930 1931 0 255 0
1931 1932 0 255 0
1932 1933 0 255 0
1933 1934 0 255 0
1934 1935 0 255 0
1935 1936 0 255 0
1936 1791 0 255 0
1937 1938 0 255 0
1938 1939 0 255 0
1939 1940 0 255 0
1940 1941 0 255 0
1941 1942 0 255 0
1942 1943 0 255 0
1943 1944 0 255 0
1944 1945 0 255 0
1945 1946 0 255 0
1946 1947 0 255 0
1947 1948 0 255 0
1948 1949 0 255 0
1949 1950 0 255 0
1950 1951 0 255 0
1951 1952 0 255 0
1952 1953 0 255 0
1953 1954 0 255 0
1954 1955 0 255 0
1955 1956 0 255 0
1956 1957 0 255 0
1957 1958 0 255 0
1958 1959 0 255 0
1959 1960 0 255 0
1960 1961 0 255 0
1961 1962 0 255 0
1962 1963 0 255 0
1963 1964 0 255 0
1964 1965 0 255 0
1965 1966 0 255 0
1966 1967 0 255 0
1967 1968 0 255 0
1968 1969 0 255 0
1969 1970 0 255 0
1970 1971 0 255 0
1971 1972 0 255 0
1972 1973 0 255 0
1973 1974 0 255 0
1974 1975 0 255 0
1975 1976 0 255 0
1976 1977 0 255 0
1977 1978 0 255 0
1978 1979 0 255 0
1979 1980 0 255 0
1980 1981 0 255 0
1981 1982 0 255 0
1982 1983 0 255 0
1983 1984 0 255 0
1984 1985 0 255 0
1985 1986 0 255 0
1986 1987 0 255 0
1987 1988 0 255 0
1988 1989 0 255 0
1989 1990 0 255 0
1990 1991 0 255 0
1991 1992 0 255 0
1992 1993 0 255 0
1993 1994 0 255 0
1994 1995 0 255 0
1995 1996 0 255 0
1996 1997 0 255 0
1997 1998 0 255 0
1998 1999 0 255 0
1999 2000 0 255 0
2000 2001 0 255 0
2001 2002 0 255 0
2002 2003 0 255 0
2003 2004 0 255 0
2004 2005 0 255 0
2005 2006 0 255 0
2006 2007 0 255 0
2007 2008 0 255 0
2008 2009 0 255 0
2009 2010 0 255 0
2010 2011 0 255 0
2011 2012 0 255 0
2012 2013 0 255 0
2013 2014 0 255 0
2014 2015 0 255 0
2015 2016 0 255 0
2016 2017 0 255 0
2017 2018 0 255 0
2018 2019 0 255 0
2019 2020 0 255 0
2020 2021 0 255 0
2021 2022 0 255 0
2022 2023 0 255 0
2023 2024 0 255 0
2024 2025 0 255 0
2025 2026 0 255 0
2026 2027 0 255 0
2027 1937 0 255 0
